meanABS,stdABS,maxABS,kurtosisABS,skewABS,label
4.079331097188487,1.823261967289497,10.834304852222223,4.022988531655061,1.9129720428674282,0.0
15.263871769692987,8.7745233774883,44.66471527666667,0.9526995455698057,1.3779093856501008,1.0
4.25284455525679,1.2864937654075514,7.3363269175555565,-0.9273224325666845,0.149111841651707,0.0
4.793584330895337,1.4291483604796555,7.880937914555556,-0.7573931075727467,0.09095102940451377,0.0
10.237734170268485,3.0924625216485486,15.919896814444444,-1.3901874952531776,-0.20168521748938545,0.0
13.37119872361905,7.696961711587835,35.057733374777776,0.2854969391915758,0.8374436971256026,1.0
12.703236769377996,7.405147022640567,32.83446424333333,0.6639640802930091,1.3008121225245026,1.0
11.459485877055172,6.007133712588171,27.634426857777775,0.15670902818160748,0.9504585183879904,1.0
19.360011486953663,10.669388970571942,53.12771299888889,1.4271820710189784,1.5065372641780586,1.0
10.387462804841725,3.0734948622694414,17.919809593333333,-0.9414534627493283,0.2366081284697506,0.0
14.290640954526765,10.638905808588431,45.61194696444445,0.9996475446408275,1.5493947055568877,1.0
7.506058693292729,4.231646048849787,20.739110976888888,0.052915310912605484,0.47294960052300833,0.0
19.858741058715694,9.748035901501119,52.60972423444444,0.9873583364929619,1.300483340945356,1.0
12.017638768176111,5.588491212697209,30.926829945555557,0.08186131660503904,0.9283679150364584,1.0
10.303889438212249,3.2052228627446646,20.797372827777778,0.11706781510423481,0.6887452767628478,0.0
5.761455451355495,5.22470535476873,21.00049644011111,0.2871006867272472,1.04482750904115,1.0
10.149248399830611,2.850309014737285,14.90403707222222,-1.3135703917322175,-0.21097234912002005,0.0
14.904768288122447,10.261776329261906,44.16723754555556,0.7161155945467028,1.4991897282694366,1.0
16.974505425643088,7.036043181161059,39.688989221111115,0.5541639553061164,0.9724577761714004,1.0
10.421684424994364,4.633630843362883,28.444285248,2.160290934502127,1.2972673443406286,1.0
18.913736555669114,8.76810950213893,52.08403720222222,1.5105572183607667,1.2784977154360926,1.0
3.999313932052233,1.656205344323988,9.982207001666668,1.820695605257289,1.3778879234753896,0.0
10.17590815188594,2.747890591665788,14.893124766666666,-1.2969168665456738,-0.11114712634874839,0.0
3.9548154100439423,1.5709012122795931,9.096753855444446,1.6862909706364344,1.2274413863880649,0.0
4.410084525342109,1.7167986845831318,11.41647284711111,2.5926964621314474,1.3108083810502011,0.0
2.068574079863969,0.815049985281144,4.321058397888889,-0.5325770148726177,0.3415352294808742,0.0
4.9375922198226485,1.6980992520486722,10.148290613333334,-0.32422974946405425,0.49700698950366295,0.0
12.259561909591314,6.8104242808226285,31.183547683333327,0.4257312676503515,1.1748169198910918,1.0
4.464993018663243,4.422975596999397,17.20415354,0.20629376011397582,1.0894522611619908,1.0
9.384483121350701,3.1769976214079176,17.497177099111113,-0.5079326998654707,-0.047101418025039185,0.0
19.500892723805215,9.556774485604395,50.387368925555556,0.6003322283777437,1.0616223896225023,1.0
2.332593379742152,0.7937027348488247,4.369151296,-0.7225949892007999,0.051252972251017215,0.0
6.301577326473416,1.9099403388200362,12.02695074,-0.3398760345582339,0.2892120096398234,0.0
4.588566938279641,4.551786039707414,18.165411050000003,0.18429510238198343,1.0814627242420858,1.0
16.49136966317935,9.717581014487012,45.293063368,0.5371949839736958,1.279597275027456,1.0
16.068629600162275,8.613726407005272,41.016090182222214,0.07241375780360038,1.0347325151294688,1.0
1.8273336095518145,0.674523487108958,3.6232763474444445,-0.8253732160287375,0.20429413985914766,0.0
2.3974570817641774,0.7697777250768695,4.934900101111111,-0.1576608169666991,0.40066303898669725,0.0
5.509709546405028,1.6811491440293147,9.372205701222223,-0.4549050453585606,0.008150586369806055,0.0
4.517516838284144,1.7479345142264284,11.434492962333332,1.68116204169604,1.1489104432400612,0.0
3.6271789333726137,4.329198627389072,14.527103667777778,-0.2124761651971392,1.1053871235116215,1.0
9.927094433605172,4.560592809231169,24.241590387777777,0.006930640381987985,0.5772133543044132,1.0
4.325521538871215,4.623656958720664,18.840294376666666,0.13574625630597614,1.1139502688461413,1.0
5.283846204325292,1.6488377546243032,9.983227559666666,-0.555795861021946,0.21679263426570997,0.0
18.153621581133123,7.286194735922633,39.40898509555555,-0.015890217174125087,0.676597824002511,1.0
15.602805061534022,10.154731148389807,43.32850816555556,0.904537229203644,1.5806922204980265,1.0
6.479799747595598,3.6328095239211455,17.03539465433333,0.002723169359930555,0.6431401992467989,0.0
4.553974925017767,1.6743974116830584,8.891731067000002,-0.5457702909449438,0.6508562284669055,0.0
15.405096182851098,9.085447456241814,42.643222208888886,1.1292805174898106,1.518739978890044,1.0
3.796592299026065,1.9707623621624055,12.246092745555556,3.817192264582702,1.6867823615540007,0.0
9.697912086255936,4.3142920052703255,21.722187654,-0.06365923538443363,0.5517696697306195,0.0
11.38130215328652,4.8322132303563645,28.505682042222222,1.060980358375966,1.1268411286304314,1.0
3.5944397286953653,1.0323749078026594,6.804007385444445,0.006718937374790013,0.3458603380067062,0.0
11.644506347506164,6.177087697054128,29.21304495,0.5561780753361512,1.0884087057982408,1.0
3.3933922931282137,1.113106738222147,6.595226254,-0.11504408615699013,0.5792990293793103,0.0
16.412938380501235,9.752331771497593,44.996471605555556,0.5736683979660291,1.312306223229971,1.0
14.496465743321316,8.497146876606493,39.20466404444445,0.7422505082152573,1.3250199753071459,1.0
8.06165391013207,4.612780968127549,20.529848227444447,-0.2735302461612772,0.6344732489681693,0.0
10.317011570153056,2.9362880320147853,15.709092094444445,-1.2990975026347997,-0.05823470460049742,0.0
3.74783676725677,2.1269237822546954,12.408134969222223,1.8565093967936748,1.4246660369200816,0.0
3.8370087790666023,1.3034668847209174,7.089831401555555,-0.4955109916210869,0.10609808480958516,0.0
14.814379310961149,8.222996389015899,38.06491747,0.9159060177125324,1.4950270699282904,1.0
8.129432935043322,2.7769685573220597,15.280175928444443,-0.6449085405806563,0.12755301055261883,0.0
11.38002633539897,7.634009892187384,34.762190867777775,0.951709225002622,1.095172666315881,1.0
14.934773234324501,8.425076230861047,40.93117357111111,0.7921872574006898,1.3962917016709702,1.0
10.282981771372114,2.840200452923887,14.893124766666666,-1.2550297303478786,-0.23891934104415902,0.0
5.113703450126913,1.720570574110595,9.901233365333333,-0.469818015789381,0.07395261928994117,0.0
13.422560552504498,6.4006599269738444,32.42010405333333,0.9646372627808688,1.4833585048991298,1.0
9.66386333816199,6.26362447507612,28.459574204444444,1.0183945655382138,1.1027285028577372,1.0
11.29111999511313,4.423842405681808,26.162025061,0.7394097284260046,1.0691743535824318,1.0
5.1651361049732785,1.4489119205916043,8.415507459222223,-1.150539385672002,0.1218955844021882,0.0
15.42833645821143,9.072554531448464,44.164036980000006,1.2499851586697375,1.540080988573495,1.0
4.199069670232286,4.361767318062396,18.58884676222222,0.2611940436729352,1.0946762594050425,1.0
4.706774223942219,2.200626241374964,16.709146251888892,9.898673518940011,2.5472022092948943,0.0
15.54316526638182,8.57603123251366,40.69760637666666,1.226582436310101,1.5815526157423399,1.0
6.728254421976394,5.634483806292826,22.758151931222223,0.026630554591412725,0.8893937789910069,1.0
15.986934961502365,10.66368890056307,43.381015899999994,0.7292697818866656,1.53239127271831,1.0
5.076305424329263,2.384787196573658,13.259412652,1.092273346167084,1.238300287479646,0.0
8.410255937160809,8.535729644217456,47.602535794444435,5.749299658008244,2.30933781061582,1.0
14.666065990127722,8.240195369232406,36.86306947,0.8819296809231898,1.487098466270619,1.0
5.28626532347239,1.4386107684953346,8.59049052311111,-0.6747516072773521,-0.27931240532285845,0.0
2.8010837029500104,1.0856454835929648,6.6080008295555555,0.3595266426220638,0.6510864287863415,0.0
4.3646035988685785,2.236357680522002,14.392025559333332,3.2180847694462913,1.569312739656056,0.0
5.672651777307496,2.1418576958734645,12.02695074,-0.30826563788428274,0.27210130594943316,0.0
4.551895620845886,1.3195643190875823,7.792219660111111,-0.5528094649507391,0.1399581128951924,0.0
4.375768464833485,1.7471545889091493,11.28224635822222,2.8807203499558556,1.3575384484417061,0.0
14.07973471243905,7.392781541411673,35.423322393666666,1.1142400071759826,1.496966580598589,1.0
4.964273368145321,2.532586345793613,14.753354945,2.6672096702742003,1.595330717177132,0.0
7.7940946581777775,4.354782577318242,19.10189444777778,-0.28695884668715266,0.6067561128185239,0.0
19.420863610049405,8.319524332209687,46.414659434444445,0.6759087858437338,1.020467196974695,1.0
5.810168043199881,4.77635114918071,19.445620992777776,-0.8233528628583242,0.6142727320154049,1.0
4.903759408087543,1.4076877597306914,8.27894828488889,-1.0333316574817155,0.16318775931935844,0.0
11.875889067130188,4.83119808580346,26.94229579666667,0.016303276455643445,0.6460569086886222,1.0
1.6909596892539696,0.5130004469394996,2.9118894116666665,-0.5695830556481529,-0.004223367350902297,0.0
15.88959766427632,9.712567026456403,42.854101326666665,0.8852948835014263,1.5416746559322434,1.0
3.855680252691157,1.7309152955323335,10.246352844,2.0113707374255028,1.3763240293575034,0.0
12.388901348783849,6.833483839332947,32.67074799777778,0.5540328991575905,1.229692012646481,1.0
5.337709191542509,4.657505452331068,16.35265008511111,-0.9570150984503711,0.5624189812620523,1.0
10.327114170292516,3.1729162277124976,18.421218127777777,-0.25236929769812333,0.46966899447851923,0.0
7.5910818306668855,4.646330495233867,20.570510126666665,0.04590171534268217,0.8752728277898547,0.0
10.254664823958276,2.75894274321038,18.475142237777774,-0.16413931451924357,0.21233423675351884,0.0
4.886591093475379,4.7052444685544685,17.240481774444444,-0.07667619221318223,0.9895477514870065,1.0
18.66348035130572,7.728893485550947,41.938990465555555,0.05102387546249476,0.7981173862022349,1.0
10.54321103063219,2.9681618463249366,18.526984372222223,-0.7825109618298733,0.042562994601717107,0.0
4.782827334997488,1.5587181809692339,8.825876208555556,-0.3453824623227031,0.3298443661466077,0.0
2.475324527837215,0.7419925814731018,4.288442397777778,-0.8122617522313584,-0.040438897225735994,0.0
12.275583779295182,7.141591669995909,34.03395007666667,1.002791946445703,1.369246068297416,1.0
10.273899138476411,3.239037303453488,18.838561693333332,-0.760277818221986,0.3305789879673207,0.0
14.735694434662326,8.013694719002416,43.76756937222222,0.9166027890371407,1.2362098920942208,1.0
5.038065287611379,1.5367934687350473,9.096088959444444,-0.9466547137842056,0.15053826564790354,0.0
8.402353196495795,3.6474023562175977,20.79703125144444,-0.04234956740423268,0.4494555013081102,0.0
13.33941289800378,8.815148864077502,42.19710348333333,1.3007698683146125,1.2994271345679316,1.0
14.825853359040476,8.923127725170335,44.08275627,1.5976006365026532,1.6353916536769013,1.0
4.608872322685852,1.3271139884134464,7.792219660111111,-0.7521080021024589,0.2619015964416142,0.0
10.107024800692521,2.5839920762740696,14.67104296888889,-1.3482468855140595,-0.17821266364618016,0.0
4.792570495128084,4.625213050307911,16.35265008511111,-0.6794417555748731,0.7837013710074536,1.0
8.480886483238296,2.848264732246463,17.274816967777777,-0.5181293070352413,0.15591524146270183,0.0
4.34563658622234,1.3130543856381214,8.127065016333333,-0.4496858079288093,0.25579020242842404,0.0
10.426640456722668,3.289393591734672,18.696684046666668,-0.6275221309887553,0.3493925845421456,0.0
15.068330303938936,8.43265079291575,40.93117357111111,0.6937832197913854,1.3721484988618273,1.0
10.314871075646943,3.2877795217602803,18.168980575555555,-0.8960921520045466,0.2807043235051304,0.0
7.635846095752099,5.970665338925667,22.634532581111113,-0.49957044486048474,0.6268075276767087,1.0
4.444210392623535,4.721773331377857,18.347389812444444,-0.3037332985469643,0.9629561836984872,1.0
3.6901709708122064,2.1228506079221736,12.778366263666666,3.207498445290676,1.6489917219646437,0.0
16.21077277682795,8.042217275701999,38.78782171111111,-0.14448031572652953,0.9163266758199431,1.0
4.26100909879975,1.2802427119941826,7.1184023263333325,-0.7410454107704001,0.03977766507509769,0.0
16.090622136663942,9.5452429756266,43.94339197444444,0.8068646163382573,1.3988716595502197,1.0
8.1300499443892,4.4108120439485905,19.591182821444445,-0.5343429036260283,0.48381377281975474,0.0
14.703350923485285,8.378597048096543,40.56381359666667,0.7753259806405723,1.3435832476463248,1.0
5.952269731147569,2.1591541661248583,10.873660036666667,-0.8111807233744139,0.3049862563155245,0.0
10.332673205787078,3.4464622162917107,18.350931374444443,-0.8749239258747301,0.3144440459827054,0.0
15.347618290029867,9.502788018166205,40.47541452777778,0.9437141135337743,1.5651029016872302,1.0
5.512662998589915,5.844671136999988,28.221326103333336,3.4365935544179025,1.8388412253237254,1.0
9.876080535184435,9.72381847532652,44.46893533,2.7155695927806494,1.734575380548833,1.0
10.618578434950575,3.808840045875108,18.103842862222223,-1.3326860070934463,-0.09142472955993997,0.0
16.26889020182446,9.173261795905772,44.62442807666667,0.8859028663279132,1.506571993040952,1.0
3.535497674120719,1.1334070995042136,6.804007385444445,-0.10039722092297731,0.5661226150509989,0.0
6.6010011983366494,6.473078140674685,32.72483211666667,3.931868607975319,1.8853792215734961,1.0
9.523439130369473,3.5914713346527805,19.901608346666666,0.03234403592732127,0.8862238195413196,1.0
14.300132097837647,8.08724655381769,37.25584911666667,0.6715191836779586,1.3326005275252308,1.0
4.503150891005397,1.6359280681333397,10.109909426999998,0.9184879944470916,0.9472495742174597,0.0
14.774794281750571,7.786278068724306,39.105646605555556,0.9990725598900401,1.4858286282791062,1.0
4.407328409094465,1.5586403136622544,9.505374731111111,0.7802984596035696,0.8666863542959711,0.0
10.278663570077555,3.4046421153854523,16.754435067777777,-1.2502717003009574,-0.14479931168294566,0.0
7.972695037408735,3.3553561009572115,17.17670876,-0.5800005269147093,-0.02695706614355506,0.0
4.900995769418757,2.0535443793159813,10.616831239666666,-0.15264266627904766,0.5477819675562124,0.0
15.94678511213338,8.125465730158034,37.17126900111111,-0.12795304936548568,0.9657324005369234,1.0
10.35408698740567,2.3524596165646003,18.13893288222222,0.47284014940268193,0.7537821975008774,0.0
8.539646387618127,4.760370921099127,23.266973255555556,0.6437521309728935,0.7551128685954868,0.0
10.36899768182682,4.119621694266714,23.559116055555553,-0.20250325065220176,0.6218142141481465,1.0
15.040422262211212,8.21994885817769,37.16379249444444,0.27464643884827566,1.1063320025254244,1.0
12.946762563104066,9.876316034505631,44.46893533,1.4401009627882995,1.533477365055227,1.0
12.808390611419691,7.2212370709135145,35.95976483444444,1.169505204734075,1.3254030182413579,1.0
4.865230256865719,1.7848975910039668,10.102188786777777,-0.6143498280295514,0.6102968172826058,0.0
2.4890045741777795,0.9696649479911769,5.100791892777778,-0.45789234567102266,0.5278965855533138,0.0
4.868196156285793,1.484253867261056,7.857704261333333,-1.0091118320034203,0.08729571646931479,0.0
3.8130623670358275,1.089352008852021,7.164129962333332,-0.002196609571817998,0.3485609310963547,0.0
5.849647498055735,4.627529969192892,18.049503815555553,-0.6822856316509611,0.6459974763491746,1.0
10.317657626686623,2.5173948527444012,14.030511224444446,-1.4329541461599917,-0.2913748192724561,0.0
4.133466538818821,1.9436650545077971,9.683320418777777,-0.15271791877561114,0.7082549700691431,0.0
10.36169988761225,3.175343903593564,19.100869614444445,-0.03727159868353658,0.661646812705738,0.0
4.7752497580873055,4.390306290607049,14.083158096666667,-1.075907102671159,0.6147063588146269,1.0
10.03019194128595,2.137438564534618,15.39182881,-0.3460962318455114,0.03288382896131097,0.0
4.229659704756115,1.5985136645724838,10.403830239444446,1.7289015845675357,1.1469877751576243,0.0
8.502753279093008,5.0026471009785975,24.390190891666666,0.4544950608630427,0.6409599786342848,0.0
5.894181303167254,1.834404859798858,11.489555294777777,-0.46332078392185094,0.3343546395897385,0.0
10.349805577928121,3.353478888728877,16.659767115555553,-1.3232944025962867,-0.22909152804809377,0.0
11.248097041167565,4.750908290624983,26.201515323333336,-0.08014420430692937,0.6484134727260347,1.0
13.743335778297936,7.440124773902121,35.272253008888896,0.5755188361784116,0.9974483042022158,1.0
5.317222622608871,4.619039864283794,16.186955706666666,-0.9474452895326428,0.602320227855561,1.0
10.517074155730844,2.972534585290714,15.709092094444445,-1.2278270226083927,-0.1688412424285344,0.0
14.619691950607784,7.597080820448463,34.37760230222222,0.36895872797134865,1.21643797590401,1.0
10.392233818681413,3.3048086782707653,15.641790720000001,-1.3862876282965546,-0.17227385742631054,0.0
5.098925954706797,4.742321008725,18.165411050000003,-0.33621298132503563,0.8545230125073402,1.0
10.297526170416106,3.120123031115455,17.827711565555557,-0.7929328772992057,0.3803127723315172,0.0
10.334240906906123,3.2065602429946085,18.475142237777778,-0.522579130504826,0.32581629225289266,0.0
7.2686443802978005,5.1190602518839725,21.270573703333334,-0.10668618798985818,0.8672075753834008,1.0
6.367154340840586,5.174317499749775,19.87298920888889,-0.2653430193745079,0.8138009595465546,1.0
16.71045247872319,6.622101085857361,34.83255504555555,-0.2083528382700366,0.6304337625416983,1.0
14.9509535831761,7.619029562101217,39.07239817444444,1.3723519291365243,1.6033355544672174,1.0
4.95432630052524,1.708433566880435,8.362693236,-0.9039875219143827,-0.17050994018598273,0.0
10.163605154414523,2.8826617732253244,15.537351643333333,-1.1912797922840963,-0.1468802617194901,0.0
2.3435865065677106,0.8850741572684605,4.939881440111111,-0.27682761672567135,0.4668553096943129,0.0
3.95087065676734,1.7005533534948647,9.330361536555555,1.0809870025698705,1.040342725791501,0.0
11.976356242129068,6.561201514955188,30.456448817777773,0.5586938821582166,1.1893139274741282,1.0
3.936452021370222,1.4522851033392798,7.939720524777777,-0.12690803502736703,0.7306122637378032,0.0
14.864296820247846,7.682383632815144,38.69261521777778,1.034545509558825,1.508105840610657,1.0
5.06079218532593,1.54026229712579,9.536907620555557,-0.7634596444903998,0.3408241149490021,0.0
9.094776485587758,3.416104472557757,18.389560327111113,-0.3926665968727172,0.14919228420098818,0.0
13.419908928107022,6.176092837859495,31.633224172222224,0.6998440797302989,1.2868161198936114,1.0
4.568616161965468,1.554364585843406,8.710948301222222,-0.6960141925521812,0.48047936352024473,0.0
8.33527028553387,3.214273757820949,16.625668037333334,-0.5924363592610877,0.050653390062681304,0.0
10.961994972387108,5.414080974073277,25.33301534888889,-0.14752314359845764,0.8501777172535584,1.0
7.9316363493779845,8.19818353239538,41.44937310333333,4.885283793499407,2.2671533118977676,1.0
5.261804053204232,2.042742956476926,10.648989167444446,-0.7004028111158034,0.2933407023253262,0.0
6.5867493673486,2.5287768987673966,16.35512743333333,1.3954733962911363,0.9210093017265044,0.0
5.351159742379866,4.653102494850929,16.992983475555558,-0.6581819534206081,0.693785617540524,1.0
5.255613363574446,4.683554566856968,16.01558199777778,-1.1139705184830473,0.5074047186641754,1.0
8.458042846806096,4.808410432752777,22.307003254333335,0.014875434954907174,0.6599899065117811,0.0
12.352678723703303,6.387472388069145,32.74121841555555,1.0454327650024955,1.243358680511743,1.0
15.514978826430061,8.226895290988246,40.69760637666666,1.3362063559234456,1.6216738903723962,1.0
10.235534074187475,5.882832865349459,32.74121841555555,1.4255909598907182,1.1238031975461797,1.0
6.750150602910363,5.79436937586975,22.78808581133333,0.07152953195749356,0.9350133780252626,1.0
11.08839669785502,4.225254208309862,27.38395889111111,1.2669835412347252,1.0649009204751991,1.0
16.5803635020808,10.121411453812108,45.293063368,0.6337415468605712,1.3472323624323017,1.0
18.26945951630752,8.02185707336336,43.238671668888884,0.1065775634408932,0.7897400245786416,1.0
10.967464585718,4.604776210489764,22.63636649,-0.6084984685452515,0.37964829196153504,1.0
3.9674205613552176,1.7931964671736942,10.457541220000001,1.5050900995009342,1.1895787211221627,0.0
3.21125856075491,1.1347801048151214,6.850834652777778,0.37080016612365396,0.6888702289133934,0.0
10.39080436108993,5.571316090995724,27.380606636666666,-0.1157460629587348,0.8204680672739643,1.0
3.374081385491039,1.2112033692214725,7.271927719000001,0.7087924005700743,0.8636501346986566,0.0
15.792510287129101,9.012605403336163,56.75743659555555,5.768045980875162,2.205658952260821,1.0
14.383342469012328,7.42897097818912,36.03038494666666,0.590969615973505,1.2627442159949118,1.0
2.7909294216863825,0.8060710641545531,5.188448596111111,-0.14136348769138518,0.20039997468660026,0.0
15.297840315104159,9.468265354774733,40.17891461133333,0.8923155108657146,1.5684533775637846,1.0
11.659519916133274,5.237550019395079,25.52873386222222,-0.017045552011147436,0.8762377048499532,1.0
10.282292617491379,3.1062453567798176,17.76704712,-0.7904720453751093,0.4072439253317785,0.0
5.582589756372728,1.768584585178746,11.792338528444445,-0.1681923264221048,0.298807471431143,0.0
4.318280721292534,1.3943857209779744,7.6714241824444445,-0.8386225022492844,0.20842441751342286,0.0
4.6202298754503355,1.8324848232544808,10.356095527555556,0.74724986586024,0.9393482671128108,0.0
10.195522374085936,3.0103207025458927,15.119950523333333,-1.3735748122981455,-0.1930517464696007,0.0
15.74994472841862,9.870712115838781,42.854101326666665,0.9368436062331722,1.5619590857004213,1.0
8.93343940923601,5.325667865188638,30.95898714888889,1.7238904760555562,1.1939145295722813,1.0
5.2008847087232875,2.0337056572170282,10.564313971333332,-0.6232117844308429,0.2888279298245414,0.0
9.271821238141863,3.1690185289376673,16.60474022988889,-0.6241596601781185,-0.1800553698046745,0.0
12.32209321281784,6.966464376181809,33.74101036333334,0.6852222114005517,1.2654156238475993,1.0
16.239292151686676,9.935653907607628,53.57193506888889,1.34700348917863,1.4383910002729021,1.0
4.729635301883942,1.3758647283057073,7.456094103444444,-1.096630719684309,0.31673462941499775,0.0
7.977676895334139,4.429311772294811,19.08397984766667,-0.1725028562077724,0.6458978348714401,0.0
8.69901990839057,2.789914287096165,16.087136435555554,-0.8039599451572212,0.16421560073589905,0.0
3.595259149699056,1.8980555209662562,11.749183554666667,3.0128758382560243,1.6608074091680212,0.0
15.871463476561171,9.619427967279405,42.854101326666665,0.8840656982412969,1.5431118277771856,1.0
7.910871805698583,4.093976231014392,20.516673919333332,-0.03527096795322393,0.48577880213134994,0.0
6.899464757588006,5.1516097111237205,19.76260726222222,-0.3897467465284672,0.7602202936649547,1.0
6.034396077434661,2.2525943418686474,12.842812881111112,-0.14557802805107478,0.44950366037383027,0.0
2.3804497561397038,0.8952568995605651,4.939881440111111,-0.445611212963974,0.3068313406495573,0.0
3.8427353529408608,1.3788942462642502,9.096753855444446,3.2775852633175355,1.3940783396837655,0.0
4.840925813117769,1.6805824255834663,9.800635996,-0.14474943180858002,0.38548865653282355,0.0
14.207098956142472,7.493435383205449,34.31281556333333,0.3559766681086951,1.1667875084487538,1.0
14.094632067569279,7.900628085036952,43.365829734444446,2.34295266749119,1.7843519836435426,1.0
3.8030292763183935,4.203545709502273,14.535224832999997,-0.31910339056296744,1.0406593864764464,1.0
1.8798540862716562,0.7351907088618399,3.831024781777778,-0.6630233429864725,0.3912991889501866,0.0
8.775218416786915,3.1265518475778595,16.946351399777782,-0.2267057248755524,0.21661942908058648,0.0
12.059151331650728,5.5778010783529375,31.98561056111111,0.5132400602411069,1.0277319614600464,1.0
4.613332332362023,1.335476602476607,7.704907779777778,-0.6329843475046157,0.16522806695388748,0.0
4.7123851716744305,2.0761668883461932,13.351040404444444,3.613138950491801,1.6625252514908175,0.0
15.306774644896251,9.43762724346503,39.77633734222221,0.502516166688538,1.4561480374915907,1.0
8.562975050449156,2.49750556173153,13.30179412488889,-1.0731931462652486,-0.11781155124825461,0.0
15.870933511333103,8.883926828879927,40.82221421444445,0.8859097421895488,1.5307693678759737,1.0
4.559354703047368,1.6530697832103918,9.800635996,0.23744584266320645,0.7485795800432863,0.0
5.331207637606115,1.9729596234159386,9.772020870666667,-0.9530931817749524,-0.12558426009484147,0.0
10.324809534644434,2.3250927124555445,15.252619041111112,-0.43141922342233796,-0.0112659291408094,0.0
5.004151255637446,1.6155637713824733,9.117721908333332,-0.7249467647285712,-0.10104811585580059,0.0
10.339666870541722,2.94305098564607,17.927519842222225,-0.6501537704893097,0.4414999187812438,0.0
6.518054325200473,4.838241078191685,20.338635287777777,-0.3470063505058021,0.7744045774922771,1.0
7.857431969427837,2.557942862130795,15.280175928444443,-0.1307466931724086,0.2789737807717419,0.0
12.761703809451884,7.406377538626292,33.74101036333333,0.6928455327703338,1.3272542110803027,1.0
14.35817555296326,6.718228642016536,32.326925045555555,0.36730660982827645,1.1841918821611743,1.0
10.182484635225412,3.597283006528801,16.606644494444446,-1.3329756084511182,-0.153267029192247,0.0
16.22119926513756,9.701052421933904,44.996471605555556,0.5505497712377463,1.303266005602835,1.0
10.284220981636507,3.3310171768512506,18.903096524444447,-0.38890020089287747,0.37504730667516084,0.0
10.373395619085723,3.623015658695925,16.606644494444446,-1.3406894503765807,-0.2166647827069306,0.0
16.259779696840177,9.585480280173728,43.94339197444444,0.8915933384030867,1.442235756187391,1.0
6.723556040411218,4.994511061095235,20.019456320000003,-0.229545265686931,0.8004333801092246,1.0
16.05067125415892,9.331030430408926,46.09991819888889,1.0706792926459188,1.5720535437644878,1.0
10.718795961893179,8.203974450773808,38.94799427666666,1.7120310590516428,1.3739940680883431,1.0
11.861961806613154,5.269765817100666,29.417147600000003,0.8143018841439518,1.0417685629734796,1.0
10.397830938731516,3.347863533514289,20.797372827777778,0.0337614162611084,0.7284434430872361,0.0
4.459488938065856,1.8751058221279753,11.694342554222223,3.2771193433379917,1.6221645786470564,0.0
14.080965270494707,7.64534593872909,37.25584911666667,0.6728838738819487,1.3089561907593508,1.0
4.761901816619883,1.5319718699190263,10.259649495333333,-0.3146344826460088,0.48552478208450534,0.0
4.086134328670038,1.5051709932509567,7.709193671888888,-0.8569820027584121,0.14871954494585737,0.0
5.75472330336916,2.4308373368648395,13.798898341333334,0.3451247886756441,0.7522419802007667,0.0
20.258375662726277,9.545188588572412,47.81128655888889,0.38785232598239094,1.0892536229814906,1.0
4.0928513718568835,4.646478387187607,17.509402541777778,0.14206224778408094,1.1257132527217544,1.0
5.82591630083177,4.778333569016092,17.265079126666667,-0.702526822601357,0.611678614278977,1.0
9.710362644543423,3.449311447071531,20.015434110444446,-0.20241877275784415,0.24822875364146,0.0
5.187448187395983,4.904482499998747,18.134845454444445,-0.4597553482025232,0.8401559635857537,1.0
8.307232276661924,2.7875796271493263,16.791170386666668,0.21423578790615405,0.7381492718106001,1.0
4.696649106585579,1.340865355358556,7.633251443111111,-0.7310814520609217,-0.02851245777979286,0.0
12.815389401650028,5.718347073290524,29.97034295888889,0.26921329435458885,1.022049313673727,1.0
4.842364452915492,1.5855928092367197,9.304755517555556,-0.6758460150934607,0.31775283785758807,0.0
10.218931778506182,2.7846394938022803,18.813092422,-0.33342402612749344,0.047146111388537484,0.0
6.601222070434669,4.926336404166605,19.822079344444447,-0.5813142013481807,0.7166579411589389,1.0
15.863169779813028,8.674727938710017,38.770927708888884,0.7222842017235283,1.4688034705228996,1.0
6.611533600774741,5.099522313715015,20.019456320000003,-0.2657400371068044,0.8135619371173128,1.0
4.431331893124059,1.4679686723450582,8.570797146888887,-0.23483873947135114,0.313441520170468,0.0
15.23083122899165,8.301949550556328,44.16298853222222,1.3431175543440155,1.5431464654733948,1.0
17.867508992502465,8.78325530555975,45.72805523333333,0.7468501190977772,1.2498695189473203,1.0
4.403180378164937,1.2948242160530303,7.37725305088889,-0.8243640774830094,0.2705628151545183,0.0
9.601555047447585,3.3285041522699457,20.015434110444446,-0.06404629234897996,0.20420286048410627,0.0
4.588880824903817,1.3178323338285693,7.645176837,-0.6328507151954281,0.09397480005211926,0.0
3.9699632491226486,1.7941154266501487,10.457541220000001,1.7487316144840377,1.3177454074538044,0.0
4.055000616983098,1.6238059206600206,10.113544071777778,2.41318724819809,1.5794252198464844,0.0
7.84921796186705,4.326654287351586,20.22013576577778,0.36590935859145546,0.6709615241888508,0.0
8.821157556332004,3.4993199880551424,20.79703125144444,0.08818264731418646,0.3313491902544449,0.0
3.8420726672923577,4.453486191134244,17.509402541777778,0.10465538508120353,1.1439361573363673,1.0
4.89696210670776,1.5219017464880051,9.096088959444444,-0.905226019221125,0.24090701933862338,0.0
7.846347731284098,4.46474399355028,19.021595727444446,-0.3150946568220161,0.676510862821531,0.0
5.789803347679932,5.2773409549708825,20.240425944444446,-0.3471508329891879,0.8110825149096416,1.0
17.803117349758917,7.649236168667661,39.40898509555556,0.15249593326449018,0.7806010625768144,1.0
14.773475902602716,7.649845954697806,34.708625705555555,0.4470765500721745,1.2565944260801338,1.0
13.03626472204702,6.018958415537565,29.97034295888889,0.10649969891490718,1.0041485260062157,1.0
17.979453799243363,9.253322404090323,49.02723250555555,1.067349006699926,1.3518494631167302,1.0
10.986721446493855,10.222165696408238,45.61194696444445,2.3904688327113246,1.7550550601899044,1.0
19.40856049277283,8.720889733928864,46.414659434444445,0.5250352474222915,1.075334246530753,1.0
10.35265430504241,2.9849818631767304,15.276986105555554,-1.2079855419372687,-0.1594195985317894,0.0
10.58314458554565,4.718615067309183,24.265622938222222,0.19957589813733012,0.7953431559057452,1.0
11.420386937162148,5.201317500602818,26.251087596666665,-0.017850232751462247,0.8733714321260378,1.0
14.369579159003877,6.89630489703639,39.072398174444444,2.099296630278154,1.7209466028737073,1.0
4.732882273613989,1.2901653063578291,7.645176837,-0.5462710043598884,0.009384862089467719,0.0
9.447096232811907,5.509853159138072,28.777823495555555,0.7616863785447929,1.0042168825336708,1.0
6.610292143991587,5.687308739990942,22.758151931222223,-0.1200989020079839,0.8363048928517418,1.0
7.3998410533805625,3.7209765588907953,18.732638867,0.6346841227415267,0.8850146840122308,0.0
5.446404054013318,2.2761746289651685,10.616831239666666,-0.9296872398759297,0.24136978918763963,0.0
8.036780125337991,2.770592940531511,15.939757043333335,0.047404790029829336,0.6459187334465797,1.0
8.152277529884836,4.676714705321941,22.307003254333335,0.3126728384263293,0.7509763945939981,0.0
16.364680519089333,9.479164060422638,42.862849080000004,0.4873958649831822,1.2770602516396812,1.0
15.164010525081192,7.84199528689948,40.764740393333334,1.1838776202984729,1.5590611576227753,1.0
4.434579870113427,1.6653347736163255,11.434492962333332,2.3572553924842126,1.2649099542644207,0.0
4.109049014820356,4.018607049714599,14.535224832999997,-0.3988583951365672,0.9326963215895763,1.0
4.539635393638992,1.38933733948522,8.825876208555556,-0.21587221531022305,0.47590083875829375,0.0
5.612473955178887,4.619229834359183,17.78729396,-0.47352691261910484,0.776724881949762,1.0
3.5561124873113603,0.9059632694457477,5.696707437444444,-0.16051374019973919,-0.1686197234823012,0.0
4.431189648995233,4.945543779855596,20.821144395444446,0.6570449741475537,1.2361668986858452,1.0
14.609212064124828,8.018679162018834,44.31491641111111,1.2853461013496537,1.5205815622818104,1.0
5.152068303261315,2.2246003866678272,13.351040404444444,2.207058845124581,1.4716126225673831,0.0
6.430022575012518,4.845607803091716,19.822079344444447,-0.23780754693066086,0.850463923470743,1.0
13.910800363007194,7.1699552303776315,38.192594057777775,1.2421857837988481,1.4772287711293193,1.0
3.3213781064206587,1.274374576364987,7.271927719000001,1.3200250741180812,1.141479173421566,0.0
4.204059666320177,1.8401710074010436,11.239845377111111,1.7774650454862866,1.234592418297049,0.0
3.721521939719772,0.9804910333669962,5.969804530888889,-0.24763205729919546,-0.10939208672056971,0.0
11.663935972898418,8.944086874280064,44.939055064444446,3.253657744542831,1.997274724696149,1.0
10.153226423906649,4.392911858882234,23.639381103333335,-0.07093865667818511,0.7436875835821026,1.0
6.605070359657604,2.2016871200333297,13.45132447,-0.29201486143518895,0.19143661504632695,0.0
8.937069668749892,3.418678776306989,18.389560327111113,-0.3857224244020916,0.3098542286622455,0.0
10.923458861799372,4.124311095311098,26.162025061,1.1102263734763502,0.9956631148694705,1.0
2.750771999035016,0.7867705678711401,4.625935408,-0.7526701843788284,-0.017340493444496508,0.0
7.369425644707659,7.31423839434781,38.49711228711111,5.166485663185073,2.1466845697679893,1.0
4.556324370587722,1.3998740250835702,7.545364200888888,-0.822523850285759,0.12274410321744701,0.0
6.895296781604507,5.545524385295517,24.15906987288889,0.479415593502845,1.0282746688480848,1.0
10.490632195090512,4.429982878340634,23.639381103333335,-0.3537726754788615,0.486152992195768,1.0
12.393025778910976,6.028084259364892,31.98561056111111,0.5697803917712521,1.0451668801893017,1.0
6.079770547142601,2.0696740360332315,10.416206288222222,-0.8194239751234553,-0.27815917217486186,0.0
8.754782136377697,3.3591595265213514,18.561566776666666,0.36709480967414354,0.9137586207034348,1.0
10.210579324334699,2.967381007896474,17.525593898888886,-0.8020808395767633,0.38625923907334414,0.0
5.345278522316288,2.68454839112058,14.753354945,1.2878852086248571,1.2665411166330636,0.0
9.807645356578037,3.5347638120673146,20.33926118888889,0.35758950533562395,0.6691462261434531,1.0
10.678863773175664,4.788671510807012,24.241590387777777,0.15782455588393995,0.7658400789910629,1.0
7.633076357268457,2.9981025151165706,16.01947398888889,-0.37833018031000254,0.22139116734160927,0.0
18.40847447114764,8.242168189035425,44.43463972777778,0.7336515181113317,1.0991893418600198,1.0
10.191398733226945,4.732943742602204,25.181675086666665,0.10398279267835697,0.6192407276931026,1.0
4.654204066668241,1.3502262507163647,7.956694866888889,-0.96831669295256,0.4051269353224941,0.0
4.6336545954320725,1.4323606983524573,10.259649495333333,0.42256624120866837,0.7267966148989163,0.0
9.410771416298225,5.274488371072184,22.832907764111113,-0.3962848717573526,0.7791620458873314,1.0
16.38778139485003,9.255020880386809,44.62442807666667,0.8884329465582597,1.517371939302913,1.0
10.412097698411793,2.9351964854200236,17.640901099999997,-0.6469920026324414,0.392968251544947,0.0
15.026336763145055,9.026910622759729,42.09826918666667,1.3306864677143517,1.5834562497446258,1.0
12.170541148436952,6.044721810261748,35.93558224,1.4866963494911705,1.2391667367734172,1.0
10.6863317340449,3.7192449258854183,21.106301192222222,-0.5932758437613672,0.2980340215938237,0.0
7.51127743710681,4.048121305879623,18.375083635,-0.2637021672631841,0.47568619020716485,0.0
15.490099525432306,8.113924755048576,44.16298853222222,1.377585589397329,1.5407853377648355,1.0
2.6942006943442394,1.0445445819403436,5.638741544333333,-0.6483406939621701,0.4036969132583082,0.0
15.01474496682537,9.533361414880671,39.18172088555556,0.8652977105455166,1.5925479041010133,1.0
5.23285008492283,2.160591565379068,10.648989167444446,-0.7579752806089419,0.3442827428727607,0.0
15.976592915797648,9.857865647998972,53.571935068888884,1.3690593187511677,1.4265957520719963,1.0
4.521770674678703,1.7751487512643604,10.95653339711111,1.9506193948863597,1.2705157370940265,0.0
8.65446095333022,6.352409242718956,30.243599946666663,2.5361692818984616,1.6517787045764907,1.0
4.411900091699081,1.7095484983079388,8.903478613777779,-0.8534103184536042,0.3205592092377916,0.0
7.120065077848651,4.208715147852782,18.398359503555554,-0.07721172485118899,0.7757901817126213,0.0
15.541694553188782,9.100021376526346,39.69379820777778,0.9076003272297415,1.5259575548853972,1.0
15.999996462671202,9.459032629306023,43.94339197444444,1.0968260852895404,1.5137581829127518,1.0
6.218266516082823,1.8547375160513757,12.341554937777778,-0.17747896306077626,0.3824626644154642,0.0
15.180900824502132,8.76985425191027,39.69379820777778,1.0026779283423228,1.5368565029786974,1.0
7.481248327690234,3.1869651028522124,16.625668037333334,-0.43546239875987824,0.24423683854126757,0.0
11.835313961259825,10.531599053131474,47.602535794444435,2.253025189002433,1.7494635924061803,1.0
4.162883630317364,1.8420393699020685,11.24747220111111,2.7710940830532964,1.4257914712287587,0.0
3.5669355336355104,0.9482106976376322,6.079794361444444,-0.3253151798320748,0.074759547732096,0.0
14.906286523372849,7.999197932876371,36.00063705111111,0.37731701548032825,1.1843860982360617,1.0
8.202740655911155,4.559426746003118,21.794317770111107,0.4305780238948711,0.6655383278811837,0.0
8.466751517564576,5.102916195025409,24.733242690444442,0.8965934931834103,0.8611873379641657,0.0
13.45188879608935,9.645505099286817,41.662807352222224,1.138976795290175,1.5457602462792785,1.0
4.639161896403078,1.5681455622862523,9.117721908333332,-0.5571996527853162,0.21273710260538406,0.0
14.53914198035374,9.486035748731409,44.939055064444446,1.177371232015099,1.628090025714221,1.0
9.930918490824421,5.921312863639913,27.34423190111111,-0.004407018374013472,0.9086459604306124,1.0
6.018388659197436,6.503373037032052,32.254333971111116,3.9966872638469595,1.9362309993607654,1.0
4.172708654148074,4.0267725420742195,16.622115883333336,-0.14171982035822728,0.994876081434378,1.0
15.831723678987666,8.761592273264322,39.42551132777778,0.6699404761068082,1.276709194900331,1.0
3.93528475932083,1.7854157546230303,10.732946361555555,1.3820304173231173,1.1661069586294392,0.0
12.01173443102885,6.778458994402166,34.76187056777778,1.1086736392784036,1.1092635495891194,1.0
19.495295663709317,9.182918971527407,49.96408156555555,0.9337755928968434,1.1964353026319539,1.0
3.3231930509583,0.8978503144725442,6.289259387222222,0.3978272786422208,0.13604436454128155,0.0
6.585262948520524,3.2003105349352454,16.066509708888887,0.18542436246272098,0.46412838658362987,1.0
7.655402912813338,3.966003105721605,19.807834643333333,0.1312931163648594,0.6685337067471268,0.0
10.31872874579591,2.8060010148808483,17.708347163333332,-0.5335683550664121,0.5034835964574226,0.0
10.363683310981177,2.6514879470073773,19.285522084444445,0.5434670368950241,0.8300881543615248,0.0
6.210367415642563,5.4203756339096305,21.657317486666663,0.048553680771493024,0.91804242056741,1.0
18.58325374453191,8.3055769000208,45.54284797,0.5851797497079074,1.0981764204882667,1.0
8.480121586614027,4.872863326040749,25.57027520822222,1.0640742695208747,0.7955904928851532,0.0
3.4245301724705572,1.4484131525004453,7.663921776555556,0.4684725088200592,0.9001162762630123,0.0
11.477873626811125,6.249836529193755,28.24086845222222,0.2738301759237851,1.0642140648077771,1.0
4.522725361387652,1.803981815530987,9.458197342111113,-0.48251556799810613,0.4419220064355154,0.0
10.296938851162363,3.2441892713467246,18.663414489999997,-0.3373292161180297,0.4623217949629873,0.0
10.224666848997964,2.8290429430589215,17.522668777777778,-0.5635896319725613,0.46461142327880317,0.0
4.628885697522853,1.6437545119409205,9.584715625222223,-0.47205049435152757,0.47274905255052185,0.0
10.364752024631063,3.2621350600909946,16.197656475555554,-1.3668213288411564,-0.21592741253923597,0.0
10.08118180158389,2.9644698013457997,15.087968043333332,-1.3835418323282909,-0.167780663538162,0.0
7.5422926645854105,2.450615251357506,12.546929960555556,-0.9846218617149809,-0.03129132803102107,0.0
3.4000531075896383,0.9734571104692498,7.263812225444444,1.8470579256521753,0.7229284158603019,0.0
10.739735004885835,7.373676438129873,32.98840826777777,1.1878435051815752,1.1410853156503755,1.0
10.274083821890258,3.0402265638709496,15.299178931111113,-1.336637652961417,-0.1016939843253482,0.0
4.15761750024402,2.112491258925259,12.515234797888887,2.6215580295276033,1.5471319751028736,0.0
4.404463322152052,1.3143715062329926,7.471651078555556,-0.8388532166562426,0.26526903851670675,0.0
3.962073638924923,1.4651581013615078,9.972356328333333,1.5589237632266633,0.6913124609673157,0.0
5.747450345934183,1.8281571902913751,9.961100356333333,-1.0303225620351044,0.09807476618225887,0.0
4.717217633246131,1.9648386412427155,11.529943415,1.5725051251832438,1.2117389240456244,0.0
15.690837580520995,10.340791178139167,41.60852654677778,0.8471553655960653,1.5677774263658704,1.0
6.766859289807006,5.366630457646351,22.758151931222223,-0.0803348935988426,0.8612930855499779,1.0
15.85044047460965,10.220615290974106,43.01269553777778,0.8595392506511303,1.5590384102899304,1.0
10.318383144474366,2.720117895923942,18.60415009,0.5686590024467053,0.9405131496365813,0.0
15.200552911892931,9.937648479236383,41.016646565555554,0.6654423444479538,1.5267516541293564,1.0
8.151997029750632,4.209364313371964,21.401264610000002,0.897974699390705,0.7308955902700383,1.0
14.79838587637733,6.615946564883407,32.326925045555555,0.3309687814280151,1.1237498932095555,1.0
15.105849483574637,8.134935194332499,37.14659118111111,0.31296178346237724,1.1388463966455848,1.0
6.191292701954884,5.294433081562704,21.862554642000003,-0.05715000163218553,0.9352164968744904,1.0
15.599997166071372,8.351231035365485,38.770927708888884,0.8295130403026856,1.4949787321675865,1.0
12.23590272047039,8.967515159300282,39.34034293222222,1.1026864952279039,1.4764412357840706,1.0
4.159853713723124,1.4587237714815895,8.454771236,0.18148547646355917,0.7984208551772115,0.0
4.313426863717182,1.81995539006352,11.28224635822222,2.587801586470226,1.260427356137284,0.0
4.919253585176653,1.5817169384516032,8.022433278666666,-1.0311200392920903,0.021387905515559066,0.0
6.715744284694107,2.2490012049974424,12.959250122222223,-0.31518649200335824,0.4601231126251792,1.0
10.994424830372733,4.6649774202195395,24.85793086,0.25282652753642987,0.8863450049264021,1.0
3.560920628052833,1.0200982072050349,6.686898463555555,-0.18360075472890802,0.26135171969341164,0.0
6.203050646365194,5.366946530029385,22.972322902222224,-0.05016449722172256,0.8395966173344788,1.0
2.538250904826779,0.8534913863900622,4.784843459666666,-0.7759534982812455,0.23340523690179682,0.0
4.597878743538164,1.485047438371999,10.259649495333333,0.4427628244401305,0.7536589397867871,0.0
2.233875370802812,0.8600263646937011,4.069576448777777,-1.1800964188837972,0.2296850189928279,0.0
11.213552262091042,5.027033197423694,28.444285248,0.801780225622291,1.0162573841412015,1.0
10.19817511340544,3.232805887638422,18.903096524444447,-0.4736766655069724,0.3871878128515861,0.0
8.561355668860664,6.165386387187403,29.524983136666663,2.466016563539935,1.649085868525094,1.0
8.733248063169636,4.449352360783926,20.29382084388889,-0.002321587425325511,0.4491142897115904,0.0
7.232649319418073,2.460740467284565,12.634094131111112,-0.6678966299051452,-0.118652716311152,0.0
4.945468362505666,1.8903084108638615,8.819106735222222,-1.1375579231845199,0.14079113674246108,0.0
5.996618965838697,1.872689186565132,11.489555294777777,-0.5404923543096398,0.33638642819690534,0.0
10.272016114471427,3.1827628538926755,18.414597215555556,-0.31964558370086005,0.44813018223954654,0.0
15.219876673927796,9.052798100057723,43.44750216111111,0.9991153488765967,1.4153122399677986,1.0
11.465235157199512,5.282740948183109,26.94961547777778,-0.1604430730371469,0.8824290302393686,1.0
10.731264039579177,4.892636265934216,28.444285248,1.0122403354164033,0.971991159577409,1.0
13.354574223844423,7.355404194325559,35.272253008888896,0.652935793843334,0.9961889499702093,1.0
3.72148580249036,0.9875588204534306,6.005564669222222,-0.2474404059779176,-0.1761504949282043,0.0
4.977915097519502,4.640153212221814,18.347389812444447,-0.7895331771283263,0.7200276869088942,1.0
5.050987426103402,4.509913744597192,16.35265008511111,-0.8812863423298385,0.6241856434255166,1.0
4.377883963946089,1.302947653621052,7.370955298666666,-0.9154029582829675,0.26824355122829713,0.0
6.318952689672362,2.3946981037419874,16.355127433333333,2.000622696626063,1.019303233653265,0.0
14.626736460901746,8.27726401398343,37.25584911666667,0.6868497997615797,1.3432600534520005,1.0
16.06723960177171,10.317635088926991,43.01269553777778,0.8830008575265023,1.5592474782777856,1.0
9.700962370528885,3.926948340873608,21.401264610000002,0.2959399022825857,1.0745405582647005,1.0
11.396249786734824,4.626474087785536,31.549811474444443,2.112211227517937,1.0775200047768783,1.0
8.185647454702128,2.8526392021299625,16.01947398888889,-0.47291589797849864,0.2064368186182972,0.0
7.527310114644341,4.400484819244143,21.151228504777777,-0.1871568855653556,0.5004631893740296,0.0
6.32346256964584,2.4894606302057833,12.697018607777778,-0.7048824262142395,0.05853303744401242,0.0
16.69519973117198,9.228738027610737,42.059307221111105,0.24804759915795804,1.1522626949407975,1.0
1.8912115155888003,0.7067194095044435,3.771879521333334,-0.5272191432493276,0.3596816390574492,0.0
4.116805754706028,1.3870818315778923,8.454771236,0.13572274263810913,0.6471126169597113,0.0
5.459770957829141,4.782267132991232,17.76783035111111,-0.7678045075368845,0.6788912449184651,1.0
4.195018999040979,1.4129852485008245,7.364530849111111,-0.7376742537877639,0.14808841884025056,0.0
10.401691421574384,3.3940292864787738,15.71238008222222,-1.4295094500297567,-0.16361103254686046,0.0
14.955365350620609,9.144853715954618,39.77633734222221,0.6144829391768116,1.4993938018580961,1.0
10.327314019528334,3.46139705952185,18.838561693333332,-0.8101674632524949,0.33763959076924266,0.0
7.8816467407403925,4.0010454713022385,18.705611725999997,-0.48795955683319736,0.1945074068865107,0.0
2.501982913566172,0.6650853408871213,4.288442397777778,-0.530882650064123,0.11989320928722645,0.0
4.178444684058052,1.8120583492739746,10.834304852222223,2.8435633429157603,1.5130229402892499,0.0
15.956344414933342,8.776199310184232,40.11798728888889,0.9041878416931306,1.54019402475052,1.0
9.330017930906576,3.493197100804148,19.835964605555557,0.11539093460555261,0.8349457799282278,1.0
10.068776201875705,5.5712832287564735,25.584066554444444,-0.2914733457373013,0.6670393668063468,1.0
4.619967749429144,1.3736377627358478,7.652262248333333,-0.943938947368427,0.05060285105265674,0.0
18.910215089714576,9.452146299576038,50.387368925555556,0.8363609634203595,1.1881896420117364,1.0
12.896253924963077,9.069587130924585,43.42473911333333,0.9515076079442495,1.078726078440217,1.0
11.628092077775324,4.537741115934053,26.94229579666667,0.4191343082477541,0.7097874091020318,1.0
6.907171184304444,3.0088537959796566,16.075143896666667,0.3107032512230097,0.6875271478359242,1.0
4.111769699127541,4.598293272071697,17.28834858088889,0.08091448034053084,1.1066856238827771,1.0
15.124028596563868,7.22663448923875,35.721750855555555,0.5583185901831684,1.2709944939542859,1.0
14.306857188507928,6.949776225238304,39.072398174444444,1.7931677075076697,1.6957560380520862,1.0
11.06031561838835,7.148481629126796,35.28553313,1.47812180414765,1.2435010113793423,1.0
4.211536088843838,1.6300125925922857,8.710948301222222,-0.5805121907241007,0.43180427009267536,0.0
16.554892430919537,6.5199581392619255,35.775571218888885,0.021134715573768226,0.7100180112171351,1.0
2.4618583857254652,1.201098065575006,6.120153935555556,0.19062691914394048,0.9768672761431245,0.0
4.83321837649358,1.4908560288721955,7.923172232333333,-0.9141828755169663,-0.012719192348107219,0.0
10.763621384505175,5.016734053744506,27.707040987333333,0.5865511623267912,0.7219030389075254,1.0
5.528643128488479,4.657901117584414,17.133314374444446,-0.5826787128674442,0.7366262979200507,1.0
5.048231603593981,1.3938448343299015,7.7794690326666665,-0.8701702639417004,-0.1584752900750502,0.0
10.295286147273481,3.125472403768722,17.385491960000003,-0.8580059266361975,0.31954811741863376,0.0
7.982098567504581,4.518968581009822,19.250209575,-0.16962001028243856,0.7023071751436797,0.0
4.728763365760685,1.376579972649226,8.35472572911111,-0.7084070845276225,0.4395714608940624,0.0
16.302960740594372,8.960297553899053,41.42835136888888,0.8184315575717234,1.5021417121921168,1.0
6.618009674789661,5.16658619288369,20.94677607277778,-0.10281534006362802,0.837277693544248,1.0
8.306350588651744,3.2120713301670567,18.451567876666665,0.6925566940694212,0.9243740359410699,1.0
9.198559763043773,2.5723654775112483,16.087136435555554,-0.934997751143396,0.20644607689650402,0.0
15.490455033929745,7.935297071301428,37.82956999477778,0.8077492118511915,1.5023062043915645,1.0
4.942402671392339,4.416620002145439,16.016750864888888,-0.9570190112830161,0.6466533481675296,1.0
6.983161111660561,7.010696594146972,37.393488974111115,4.723755390258777,2.048300012147032,1.0
11.431727431078226,4.763218712616793,26.11553357111111,-0.08075609546659956,0.6834471705197931,1.0
7.286897284103241,4.3103565863775435,19.489221439999998,0.2099924951090788,0.8839063237166891,0.0
18.991861984540716,10.07650365622481,52.60972423444444,1.3137650775826533,1.3682834956883112,1.0
15.57007462508007,7.853988589538539,40.064266503333336,0.7864360469637659,1.3579183444711405,1.0
4.731801037158766,1.6493087281410512,8.903478613777777,-0.8257936690631644,0.25428805265096044,0.0
3.955158966357107,1.5019879867000232,8.746303432333335,-0.11226376649404246,0.671781937520277,0.0
6.164414660432268,3.622452262310284,19.31738236111111,0.8218255766220812,0.6549521769690353,1.0
4.609084057772673,1.9062611088685408,11.529943415,1.3231204055109353,1.0418139871065757,0.0
10.306036309158955,2.9055442823680604,18.13893288222222,-0.4250872780291206,0.5559436101294294,0.0
8.52739648203437,2.7586166004801367,15.370342783333333,-0.724920977170183,-0.1579760254053227,0.0
10.1136581583542,2.743818012272597,14.283315186666666,-1.519791319209161,-0.1631019958856636,0.0
7.918789657517662,4.3371416116869606,20.739110976888888,-0.03625021898464098,0.5557474176932522,0.0
6.468812894117328,5.336452086428536,20.410392310000002,-0.3121484249197741,0.7933000921386146,1.0
4.040817128778005,1.541133541439675,9.972356328333333,0.9571547858992329,0.7465641347254812,0.0
10.33496836685715,3.1020771787690617,15.750188198888887,-1.312492561842778,-0.11696660193763264,0.0
11.269594219324555,5.455212912186894,27.454352566666667,0.06135827764238577,0.8938333238929013,1.0
13.95939271475833,8.036295405976913,43.76756937222222,0.9610823677770108,1.1996838306640347,1.0
4.529830130016423,1.3440739415225738,7.652262248333333,-0.9676482907079147,0.16159639026376113,0.0
6.647725800834371,3.3149209502922297,16.306634516333336,0.015496544996820294,0.5379518231502076,0.0
4.471713616077282,1.8793251193275369,11.41647284711111,1.939055541053985,1.3601710216765046,0.0
6.385745176497166,5.078165509793985,19.526048696666667,-0.27584334316542547,0.8247080966991853,1.0
10.279743057641495,2.944226259626995,17.65308193111111,-0.5945976694391186,0.5137123087366369,0.0
5.042680173970242,1.5444643178550976,9.558096626666666,-0.12607921050179005,0.04707139451755451,0.0
3.857220724504468,1.0453670556455736,6.668724591555556,-0.27698547419549957,0.07099030329210446,0.0
4.860336359736275,4.65734075152283,17.76783035111111,-0.584806940266748,0.761980487155023,1.0
5.0279337741430545,1.9217081983951076,9.772020870666667,-0.8433307032505342,-0.0656830537846764,0.0
6.952013640732429,7.138743880035797,38.49711228711111,5.137883118937145,2.1195316644400326,1.0
7.358975124808885,6.199583339988684,30.243599946666663,3.03863340945964,1.7251167216387961,1.0
15.183195738435222,7.611679871670885,36.151274441666665,0.5402540267287472,1.304852952692819,1.0
4.9448688631436175,2.211416319187042,13.259412652,2.198751058717497,1.456007401268008,0.0
18.491281228265624,9.208293568201768,50.387368925555556,0.9722935830500439,1.2583169080444143,1.0
10.457470478567814,3.298425042879412,15.71238008222222,-1.4209253238018,-0.1831293472252216,0.0
3.0896577396306424,1.0680267798839675,6.4859276349999995,0.540822476849852,0.6522800409512957,0.0
16.188502204747884,9.161641128960207,40.46803033333333,0.297476247276808,1.2048040110536267,1.0
8.562139519342583,3.3573400783768443,17.17670876,-0.5391686125984143,-0.06874281073253403,0.0
9.837598994912792,7.9197555860433075,36.48990951444445,2.1447331358131776,1.609081545173258,1.0
5.95764420585711,2.29032303728448,10.873660036666667,-0.9233402346033168,0.12485435723499194,0.0
10.217376763511572,2.7869740655492485,18.60415009,0.3682832970753016,0.848656595012848,0.0
15.476411763137252,9.666209459965753,39.77633734222221,0.5780469061436637,1.494515687670579,1.0
8.67846310699824,4.6658803182448025,22.47262876511111,0.3494319564031798,0.526022824064892,0.0
4.327539303773937,1.6409916042590802,8.607106578666667,-0.7188007799664118,0.11885180019949272,0.0
5.667996249166643,1.7289726618915107,11.915078284444444,-0.04372834514234514,0.5293186258583092,0.0
10.374860862115195,2.956286851049473,17.525593898888886,-0.6854719178709896,0.36419913662312087,0.0
7.8930352841716385,4.588691537389417,21.144061103333332,0.17188482187910026,0.8307373892416354,0.0
10.290746789795024,3.0184427290004603,17.919809593333333,-0.7850185865742971,0.39057596358287905,0.0
8.077799709105154,4.62553908067215,21.144061103333332,-0.21168933752652697,0.719529589110546,0.0
4.175338321894286,1.4648265614528444,8.086710843,-0.7333078610260788,0.4571574015570223,0.0
17.53079963083895,8.122088841058076,45.01714174666667,1.447079857410496,1.2194712011846494,1.0
18.344784576676137,7.71275108830079,41.752546145555556,0.44436684894394984,1.0169382240959342,1.0
5.630823899363313,4.963631312103968,17.921530625555555,-0.680050183483754,0.7115142765814816,1.0
16.80211818983919,8.836692300632123,42.05930722111111,0.27800510643207454,1.117828357202046,1.0
10.689016235114593,5.7239094816751495,26.501803668888886,-0.16692929262698097,0.7644193040194274,1.0
6.02739705262907,4.489649613851921,17.941332712222223,-0.806007290140418,0.6269173865601776,1.0
18.453277027060068,10.70982421936131,56.75743659555555,2.4152498626106356,1.7031116299001932,1.0
15.752788025187442,9.918238159643833,40.105042392222224,0.38596975151254354,1.4265318613717102,1.0
7.028238239411912,7.43440481959309,39.305690750000004,5.5787121656520124,2.2050761745560434,1.0
8.443903122954193,3.3111196441280715,18.56563007222222,0.8236211513507756,1.02322518350962,1.0
4.307270932439924,2.0202289130037028,11.576884948777778,2.6096626485241154,1.3600112599476797,0.0
3.0381851292583417,1.1227475071673287,6.850834652777778,0.722508454997171,0.7070613414551847,0.0
14.035556035524047,7.967073850198244,37.63297179733334,1.0917758692392514,1.4405244172698848,1.0
8.004016377536182,4.36824853656071,20.529848227444447,0.09369761187103931,0.7406087454314623,0.0
9.278997800424428,3.4243968511383702,19.342713392222223,0.08791614024221373,0.837929005570074,1.0
5.519814592380453,1.7264460780981299,9.983227559666666,-0.696934879388146,-0.12937955386450234,0.0
12.585898780192142,7.429611027393741,34.03395007666667,0.784569202926487,1.3453755210789866,1.0
3.939009309553674,1.4241429951060947,9.027814175888887,2.102420504565258,1.185328116061425,0.0
7.7721428285185254,2.663032489643958,14.037286210222224,-0.9081535073871994,0.1570233868240586,0.0
10.490783351813683,5.419547390224261,24.266483516666668,-0.38509797175923133,0.6942893166311598,1.0
10.98411448084209,5.575230026159176,26.245027192222224,-0.1279424949133845,0.7786703407652037,1.0
8.56599828041329,6.9961415623273995,32.98840826777777,1.6108425732056566,1.1829796132500419,1.0
15.798320979721662,8.3379213730817,39.129237268555556,0.9764047491964742,1.5510318713413898,1.0
4.208110243964918,2.1514347919733505,12.769092143777778,3.871923699501751,1.8581895046857673,0.0
10.734050971798192,3.7383376471667655,21.106301192222226,-0.6028311361271035,0.21387461671017338,0.0
14.387415398876549,7.5014533191983634,36.03038494666666,0.4419205856508741,1.1978320981415074,1.0
5.1217710386000235,4.530022739637371,14.859437757777776,-1.1605835211759439,0.5076249354439728,1.0
7.658823448717894,6.308655016287502,33.37294662777778,1.823424381668643,1.1945507812688456,1.0
15.668601619628935,8.955642502633744,43.42473911333333,0.8234280841217845,1.4100237510527314,1.0
10.248775434589117,3.2311619778378287,18.871274257777777,-0.36522201239553675,0.41504212496249454,0.0
10.499816349273502,3.6638504639830054,22.252679972222225,-0.13065560688554356,0.5333642460327658,1.0
9.399248103747018,3.4775158306932092,20.015434110444446,-0.1602298043885071,0.11599854868804511,0.0
5.305412864243655,4.943176676971068,18.134845454444445,-0.5766989946577019,0.7996163653340619,1.0
10.291613516050568,3.288533715390655,16.08298591333333,-1.3412810080945679,-0.1162812627589345,0.0
4.2089191225547244,1.647851286855002,10.403830239444446,1.630009506575162,1.2274635326085657,0.0
10.369590613236964,3.4252995962810533,18.75771772666667,-0.5264152792795485,0.39564284582801856,0.0
7.548627647044354,4.376092628137224,20.696976708444446,0.007997151287998161,0.7467106635300798,0.0
15.606538299707982,8.333187311111152,42.068134611111105,0.9842807572176597,1.531865420695359,1.0
18.665991949950413,8.390675370683566,45.54284797,0.7829653291386287,1.181497095837057,1.0
16.03237197356927,9.018501903396205,50.56151354111111,2.754359664393289,1.5789616872612706,1.0
12.026269189204946,6.969266311747848,31.925022730000006,0.8120896946444325,1.2660109602941712,1.0
9.33408720895083,2.742442092891055,18.426376238888892,-0.10029462336406825,0.3455507638292956,0.0
7.4002738868065565,2.547666151551341,14.220271280666665,-0.2960059807092832,0.2719994130873781,0.0
11.581787561944681,8.815612025022,41.662807352222224,2.72443114288772,1.7988754822925166,1.0
5.733610870883932,1.9992442091504226,9.031760368666665,-0.9205188686850083,-0.5074217420145706,0.0
4.232501120373471,1.979764753652231,10.603303872444444,0.8225750843477937,1.0771256898650134,0.0
12.579484428730686,5.594231627233708,29.97034295888889,0.12568455098002618,0.9558528449455835,1.0
8.869857267987875,2.817381530980677,15.980990300444445,-0.5625313207256775,0.31396121330304505,0.0
14.770952662717052,8.513165740315934,44.164036980000006,1.7441322417529994,1.6654432848902805,1.0
11.36584398016166,6.500913190615098,32.37799074555556,1.6517430338092933,1.5149087993298584,1.0
11.310533362903799,5.403241602389118,26.245027192222224,-0.23235480372277229,0.7866977593142134,1.0
4.933160454700358,2.124244752506614,10.564313971333332,-0.6008457232803193,0.3698291593391974,0.0
12.685019573247416,8.884213060621853,41.44937310333333,1.3951891719688154,1.4913015568869212,1.0
14.422737350686882,10.974098921584218,47.602535794444435,1.1562383385100872,1.584814160282242,1.0
10.353328976541503,3.2367917042882346,20.244518736666667,-0.08781609353060027,0.6666580586755771,0.0
15.9351001062009,8.54618525402123,42.068134611111105,0.7527816821360553,1.4548478282676915,1.0
1.782338856100635,0.6675448855674297,3.3495283647777776,-0.8606979285936673,0.19773610566023303,0.0
4.415986750891274,1.850991896047287,10.801237298555556,1.520586545858741,1.1555470520675564,0.0
12.039411641519871,6.523265673165638,29.21304495,0.12292278279449276,1.0061264487908914,1.0
4.9421017131401035,2.1644684956232267,13.351040404444444,2.744065481437457,1.5821470486482774,0.0
4.453150938417726,1.9035723830722018,11.222423097111111,1.6844166123186035,1.1730962555479998,0.0
12.057535282287688,5.857971550847611,30.926829945555557,0.28755708457577,0.9653420452598771,1.0
5.183985999467063,4.717590456454405,17.76783035111111,-0.757884756297849,0.6805130285142404,1.0
5.181977956027913,1.5291605777005706,9.536907620555557,-0.9119579592458069,0.3075175736194337,0.0
12.990331386360788,6.3140512038703855,31.86369113888889,0.9063884463935046,1.0867923804130841,1.0
10.537503481562098,5.755287306870574,28.777823495555555,0.44310974083336996,1.0164984295854118,1.0
13.674321265514804,7.300064399650649,35.95976483444444,1.0433315415676345,1.4305721719852724,1.0
15.236208084407988,8.700474354306031,44.66471527666667,1.1180343962749824,1.3910992488560598,1.0
7.552406341923167,4.263045809070957,19.250209575,-0.23244390285011907,0.6691410049939082,0.0
12.744739226295769,5.887611484616683,28.387453203333333,-0.0712069055756599,0.9158801778914968,1.0
4.051159360638766,4.4509661198794275,16.45827325466667,0.16927801844699708,1.1371112885786607,1.0
6.464409809082113,5.3634378087911525,20.410392310000002,-0.30010183137374913,0.8206463778842432,1.0
3.7035503296153047,1.0013762235625376,6.005564669222222,-0.3605216759366856,-0.08087693503348545,0.0
2.378639747869742,0.8252592377995153,4.8049060610000005,-0.3385300955992765,0.3960136571073479,0.0
2.2807089372601808,0.8371985389174987,4.369151296,-0.9250407428904075,0.2841028236790948,0.0
5.965809883117426,1.6309438149690452,10.221242822,-0.362403245825373,-0.19600051202644647,0.0
4.075110409368533,1.4602341391120919,7.939720524777777,-0.5507333900994542,0.555219458029953,0.0
10.40896880368005,3.150318855175814,15.738385698888887,-1.26106846972737,-0.11839956575884428,0.0
17.971703511054425,8.220958508207877,41.938990465555555,0.07668095598226454,0.8257436797326857,1.0
4.391585794701575,1.3075565831252967,7.966462721999999,-0.5539961527310009,0.31931584141769764,0.0
10.1748397247297,2.829360401442201,16.659767115555553,-1.0838835478596183,-0.15369901902483507,0.0
4.334382204319146,2.1917541861838306,14.392025559333332,3.803345456241098,1.6346968555653292,0.0
4.487836227498012,1.4651957801232331,7.778856152333333,-0.7503579664604723,-0.01397778867396648,0.0
16.046817387167902,10.09147909162706,43.01269553777778,0.8300637728774598,1.5399715277483241,1.0
15.233732290145287,7.335975928252068,40.671898822222225,1.2934043209304713,1.4430866290493438,1.0
5.368892915903838,1.509650826432758,8.835873916444445,-0.7831262472136533,-0.16037925446701098,0.0
10.503259912947168,3.8807299621574667,18.103842862222223,-1.364663764742629,-0.047708698880240985,0.0
8.785571893693062,2.666292336120005,15.370342783333333,-0.7241500151037417,-0.19188973058640746,0.0
6.3772889967992334,2.5795324854854,13.263117403333332,-0.3547341381295692,0.2637822407585444,0.0
2.3817821274266464,0.689861265570666,4.93490010111111,0.5051296240528704,0.44322767513020345,0.0
5.5856250903328375,1.6539467803770385,9.932498806333335,-0.9326589616837673,0.18962226844025018,0.0
3.8149017734760555,1.1417890537415014,7.164129962333332,0.07700556457004293,0.4158614254351262,0.0
5.314501756489492,1.6427940258248688,9.558096626666666,-0.09217237052412797,0.12265268353931731,0.0
16.219549793024246,8.617780455048758,41.31362041333333,0.7269531061474441,1.46023239098231,1.0
11.749780229876183,5.196526385209196,25.901647021111113,-0.21253023333417254,0.8348468309210425,1.0
10.417700681511567,3.4369113355910055,16.426573513333334,-1.3764940338894611,-0.151076434239447,0.0
14.433757820615325,7.945073385267681,38.192594057777775,0.9350784484722139,1.4200022660002998,1.0
18.623618122067917,8.077366285881311,41.938990465555555,-0.06297236005498963,0.7058093881515003,1.0
15.50749904204175,9.281482052981058,53.57193506888889,1.6176578646119335,1.4576143331450615,1.0
7.920711882710412,3.259536268673442,15.358604174111113,-0.592894164745057,-0.13239888445740727,0.0
6.5573978946835405,4.9724655536459474,19.70311965322222,-0.14530910871354852,0.9001558839329994,1.0
7.736919112693828,2.5646116128016714,14.220271280666665,-0.5460206718936202,0.21042451071958024,0.0
11.467861926727505,5.085550272686578,25.90164702111111,-0.24313044410454676,0.8127037273116875,1.0
6.609295590487966,3.5930589875864065,17.741845696666665,0.07155163295631262,0.7166445199501384,0.0
16.271517926035028,9.18534804517015,42.195390616666664,0.46089868200006734,1.2294512703674891,1.0
11.750579103319033,4.866752748416973,26.162025060999998,0.3315994967174416,0.8862943729200801,1.0
20.130877264114016,9.848282486917094,52.08403720222222,1.027908154424805,1.3116404044084125,1.0
8.625173770838387,4.229106175265977,21.264899962999998,0.2923203142419344,0.7604505231532602,0.0
6.408647970804294,2.206884505586786,11.24811206111111,-0.6128542842458846,-0.3719436399348901,0.0
10.33238296493084,3.352042763685523,18.75771772666667,-0.5365599557236291,0.2973913124448899,0.0
10.404800866933568,2.973720227659395,20.244518736666667,0.22081424093838242,0.7152242556117839,0.0
4.552123801934313,4.786730553036734,20.821144395444446,0.31771250207475754,1.0954538874762516,1.0
16.351826590199728,8.972344024232786,49.73663314,2.0809380997356444,1.4447104918297105,1.0
8.359548985010573,4.856633362381619,24.733242690444442,1.0397709236149986,0.8744737052034078,0.0
11.252699494371774,6.152982561145772,29.944923097777778,-0.05385702201577436,0.7925633247181314,1.0
16.767151318600316,7.300854989725262,42.46266667555555,1.1585245529503378,1.0393009010061856,1.0
9.794780572480736,6.06914011538105,26.65290638333333,0.07160834321453624,0.9103002384088468,1.0
2.8195395172700417,0.9221962219190553,5.779671067111111,0.2751938318329592,0.5772693018082283,0.0
7.728379299176745,3.953334557436403,18.812436534111114,-0.03369091460900231,0.5746524670141584,0.0
8.883859745505859,7.035710295456006,28.58972866111111,0.5061467075391408,0.967927083536262,1.0
12.785859482413729,6.112502973870343,31.98561056111111,0.33676427829277555,1.0421860639990999,1.0
17.097176736168535,6.711352595964346,34.83255504555555,-0.15174087952578574,0.7052586206573621,1.0
3.3406893883790487,1.1059167944225468,7.263812225444444,1.5775247067624414,0.9242654528279183,0.0
7.412675355207392,2.6731705735431444,16.04059624111111,0.5461104051222887,0.815173163838299,1.0
7.709366301657742,2.7824033276628506,15.014521353888888,-0.3944741952656825,0.24504165754064394,0.0
3.8324339544000705,1.00687363803643,6.527326309555556,-0.3947495084447028,-0.05643142217359503,0.0
4.464043329290184,1.418384077211265,7.778856152333333,-0.7972870428910541,0.24520528359453125,0.0
10.025762014811374,5.794955146488732,27.34423190111111,0.17248726725709007,0.9820112151477832,1.0
2.6334038883138082,1.0851295720748457,5.638741544333333,-0.5929761427340998,0.5212981919991186,0.0
9.586066914482995,5.6945781382324805,27.380606636666666,0.21945941848002892,0.9506451975051428,1.0
4.435723636280748,1.8104297667371927,8.710948301222222,-1.046155487060177,0.2781315769436243,0.0
2.872673135972381,1.133346598615249,6.120153935555555,-0.40064255708550034,0.4280545220529106,0.0
5.378568010254511,4.691221727709636,17.78729396,-0.4462017425826956,0.8234546939709195,1.0
6.864812589326669,3.4863248380509106,19.31738236111111,0.8130669107398774,0.6901197955054119,1.0
5.347623820330456,4.607472093098765,15.206111793111111,-1.1286103252480628,0.5420176668042032,1.0
7.098865523415444,4.480494822150829,19.489221439999998,0.09324433169490964,0.8651245152785173,0.0
4.981934685461085,2.098850251484016,11.058998619,-0.1947135052442035,0.6148811438197298,0.0
16.123753208082597,10.660343310285098,43.381015899999994,0.6052361254161518,1.490227993647922,1.0
2.073954406035782,0.8288479804414218,4.113629483222223,-0.8377753439392057,0.4021915186185419,0.0
3.9383756951897846,1.7576892615837687,10.732946361555555,1.5300156213802691,1.1480071822973954,0.0
4.6444374840510605,1.5418831597159113,8.413345705222222,-0.9530640238953949,0.389033184472705,0.0
17.94764687362178,8.019303743369495,39.633123284444444,-0.12680685986080764,0.7408962625526415,1.0
2.7748976478909753,1.0985194989297833,5.638741544333333,-0.8563835084214442,0.3518735781360126,0.0
12.656970533994848,7.60521460703659,35.749822826666666,0.7193916987865108,1.3001806122822774,1.0
5.935785183092342,1.8904110930454765,11.915078284444444,-0.19850662823784004,0.4916719372869748,0.0
8.174873308690007,2.730396565591624,14.967370777222223,-0.7195096166961386,-0.07885716477070343,0.0
15.569060869529741,8.472011520459972,40.69760637666666,1.0679090877767012,1.5556114696088992,1.0
4.017009378812758,4.299654122634992,16.622115883333336,0.11043623983159634,1.1234382574126067,1.0
10.521329010765546,2.733682831289943,15.074673588888889,-1.2800840964152855,-0.21371195763933282,0.0
5.94269648712358,4.705492392244059,18.049503815555553,-0.5557537448821694,0.7073729377287216,1.0
4.5354063957099156,1.5440289220643044,9.304755517555556,-0.31276977091214686,0.42303842838736616,0.0
6.922204750251743,5.578126484379201,22.78808581133333,-0.2124835228764086,0.7391367491047781,1.0
10.348906435979135,2.913404929756543,15.087968043333332,-1.3482013856447244,-0.3124557404349107,0.0
17.156007848912,10.66926303638548,45.72615041111111,0.690897665849517,1.44800643623138,1.0
11.845155490262233,5.634988441144947,29.21681825,-0.2218281314021726,0.6216077635342381,1.0
18.0248574953583,7.8597036170992665,45.364245851111114,0.7372928161661205,1.0813212732663526,1.0
4.847461409670614,1.425384993202007,8.187539589777778,-0.8144910795915026,-0.06780434092573676,0.0
4.288795228366121,1.3584886038010573,8.115003841111111,-0.49127853880476957,0.27870926609881025,0.0
4.496311174102812,1.865636482964448,10.834304852222223,1.7861021918876574,1.1958495139467382,0.0
8.075854296771837,5.433164338779161,24.15906987288889,0.22590567899545988,0.9278891245572235,1.0
14.94609551386376,8.178730458358014,37.14659118111111,0.5716433829712497,1.235031478670701,1.0
14.418856006612456,7.144898001122448,38.94227262222222,1.6696106025965403,1.6285203997132427,1.0
13.833246126137514,8.761634495759193,39.69379820777778,1.1812681725131573,1.3433769909366569,1.0
6.354042856580243,2.6382160286284844,16.35512743333333,1.450263036617168,0.8583099906465033,0.0
16.264292817335345,9.262860094293515,46.09991819888889,0.9776071104829507,1.5370488748651172,1.0
10.333005703868476,3.1375000112804043,15.919896814444444,-1.4143522469089846,-0.2523325349223418,0.0
15.459124195136022,9.945011355436778,41.44418307111111,0.8798704525497456,1.5723696038327517,1.0
16.568833050049836,10.206527972692438,45.293063368,1.0013870530125506,1.4989254289622158,1.0
11.657683511378433,6.290492928166515,28.58972866111111,0.5029065828703283,1.1792826963960088,1.0
9.607462918298028,3.929127721309381,25.73930776,1.8664545115661015,1.0594806415937428,1.0
14.840476476031938,7.446640107596828,40.671898822222225,1.4700177582673692,1.5240044917136657,1.0
3.9176355346516702,1.7094318558083585,10.403814889,2.7613687533415283,1.4269615018595194,0.0
15.134791700198644,8.506689406367016,36.78498723777778,0.26312506272955805,1.1553341148268392,1.0
10.22522663596115,5.311596123480401,25.33301534888889,-0.37320213659372214,0.7530124594784918,1.0
11.839440745284268,5.982664448981595,29.944923097777778,-0.056092143140796136,0.7483755394886146,1.0
4.773001787066123,1.398269555134697,7.956694866888889,-0.9906319245702369,0.36118753011907784,0.0
12.691227702833462,7.292517818290473,33.74101036333333,0.5150562527364815,1.237914746452906,1.0
4.070005478332727,1.8972701451471758,10.603303872444444,1.4709344415994372,1.2169207156821176,0.0
7.796728836432946,4.705084255763076,23.221712540000002,0.5825724571199884,0.783662864245817,0.0
10.126817313028342,3.4706918356766607,16.057424683333334,-1.375551535189932,-0.18553627095316585,0.0
10.372714284909975,3.1161054403539152,15.276986105555554,-1.3874253600140982,-0.17911273218115112,0.0
15.446491182979354,9.190978603120152,40.04140463955556,0.9846748993818637,1.5581237644364683,1.0
10.452977541268025,3.4657895719721905,19.015344395555555,-0.797537420730527,0.3010607589726808,0.0
1.9537064309946037,0.7475157078852678,3.831024781777778,-0.7863505721221662,0.26923555240526403,0.0
16.200686024967442,8.830511964922824,41.31362041333333,0.8427920419017672,1.5006829469255172,1.0
5.228371489148718,4.869828276475379,17.335012655555555,-0.4340236145824439,0.856720131797213,1.0
12.02256242944756,5.574736790450966,28.034884255555554,-0.08951275675464343,0.9042147551480394,1.0
11.50608628338105,5.699242593332932,27.106376219999998,-0.16204082341577797,0.7965859351542335,1.0
16.18472350051718,8.922890811295368,40.98085507444445,0.5890008672091431,1.3243065984455173,1.0
13.28966779356099,7.658903384887217,35.057733374777776,0.39785374764389747,0.8770625179664902,1.0
9.16763647527992,2.620437554661745,14.375981835111112,-1.1515466656412583,-0.011816987830487997,0.0
7.595578560956754,6.974993062928034,35.84552680555556,4.823712412603497,2.084569336093928,1.0
15.78434758717936,10.286101189677652,43.32850816555556,0.8107098184532542,1.5509475699077593,1.0
15.52065185175219,8.349519936039304,39.51320144222222,1.0079372571994392,1.500867030994518,1.0
12.068113266969696,6.575478130744191,30.456448817777773,0.2856222503297716,1.0734797972507262,1.0
3.5190325704548755,0.919654789750717,5.623327627888888,-0.32732571735564875,-0.02633767713140864,0.0
4.473824681518828,3.001334741376561,12.433974469666667,-0.39237939335045224,0.581240077791015,1.0
11.801813480593298,5.549913089167391,27.895290264444444,0.030459712306109665,0.8824311758223388,1.0
6.979372850658714,5.554938198200226,22.78808581133333,-0.21685221398614019,0.7240431033137973,1.0
10.422719579077771,3.0341935389721337,15.299178931111113,-1.3607564873454419,-0.17644723584929345,0.0
8.89063301663165,3.4868462598162884,20.45234033888889,0.635506372739969,0.990847072505843,1.0
10.212221509651014,3.22086241549639,18.686544403333333,-0.3304119997285264,0.3764340146312559,0.0
14.042419933321922,8.12979745136606,39.634084962222225,0.9534529274704142,1.401181475628403,1.0
10.035594340581817,7.086824833986432,34.762190867777775,2.070976237574215,1.3472125031439703,1.0
15.14797289021751,8.496171021695718,39.078395414444444,0.9002962395695384,1.4975340470095815,1.0
9.505417169471315,7.361472568325979,32.68479535666667,1.3037189109818583,1.1718618684629323,1.0
18.16204896526473,9.762722159154146,45.31533405888889,0.5680471867265093,1.1202853190831858,1.0
5.130730080687585,1.5703294354386423,9.117721908333333,-0.7921653677932761,-0.0393501336223349,0.0
10.109598897009077,2.4407316932534044,18.60220384888889,1.213857575992011,1.1049514291887208,0.0
5.186376478291928,4.674165144737804,16.01558199777778,-1.02590598338269,0.5700953114888161,1.0
11.852916409072492,6.902735320277582,32.37799074555556,1.2008851876534874,1.4501367602038502,1.0
11.594597557671253,5.274594993605978,30.926112125555555,0.7740231468342249,0.9139247253753092,1.0
8.711789075547873,5.045104117057737,23.266973255555556,0.46289350586351574,0.7147623982012963,0.0
7.268998202696294,3.0812432724278227,15.126856349222225,-0.6694689476099671,0.08200891678724186,0.0
8.468016544848071,2.9820633709709634,19.049187143333334,0.7787477626411237,0.9522985946768704,1.0
10.190715959687985,2.546706733402416,14.030511224444446,-1.4506992561499537,-0.23087404089511357,0.0
10.326795437692532,2.7410317857619586,18.13893288222222,-0.3229195225198498,0.5932111693448602,0.0
8.869518896949504,2.7734512638382873,18.426376238888892,0.2787146904008164,0.4881593813159529,0.0
4.355537330345254,1.2713372426454717,7.37725305088889,-0.7921884017235761,0.28461881504040915,0.0
10.872721136870975,9.112337378569684,42.19710348333333,1.9029529514119088,1.45438820631775,1.0
16.202999358338722,8.852071665061077,41.31362041333333,0.7503310806251706,1.46679171794458,1.0
6.248417382027272,1.7992776791303284,12.341554937777778,0.10315052143598624,0.4870328269254987,0.0
10.268460288562808,3.3237339458282413,18.75771772666667,-0.3911191373538063,0.4240241974741017,0.0
15.852513501053757,8.10088851957099,40.955125091111114,0.9298385687651956,1.431105853950695,1.0
10.691361321740223,5.611635145670359,25.637446884444444,-0.29118220081268964,0.8016484766054758,1.0
14.736571201778684,8.016205230799187,35.73105970333334,0.39271078935863946,1.1379954711574898,1.0
5.948648924409384,4.622984300885646,17.941332712222223,-0.669589158726215,0.6699834281417258,1.0
7.6313741683258876,4.678084042771081,20.696976708444446,-0.05353804039970855,0.7826529095384009,0.0
20.12575222760048,8.91231173183504,46.414659434444445,0.27712950015359494,1.0011154723265128,1.0
14.395281827084363,9.797982179999892,44.16723754555555,1.1448886550242237,1.60725824853364,1.0
7.227185843317187,3.877348235409739,17.741845696666665,-0.30955589664362204,0.6628550982773801,0.0
19.055649476304357,7.935305831046512,43.86324215222223,0.3929383443933352,0.9412307824175568,1.0
10.342339969507702,3.1253915109682753,15.738385698888887,-1.2582264035382444,-0.14471365213268184,0.0
4.876982825507476,1.636517555488531,8.862208077333333,-0.6143815642421071,0.38983895735389906,0.0
6.546903518712782,3.557534810523758,17.03539465433333,-0.023207022140884437,0.5768781825830376,0.0
10.377301788721901,5.715177511185382,25.637446884444444,-0.28666732093908065,0.8086591000354204,1.0
4.189293197269454,1.2922310583102727,7.1272851307777785,-0.6940400862671217,0.1459671036697389,0.0
14.693241898292218,8.00979860976448,37.20054437,0.7228482880600278,1.3119943515211772,1.0
16.000201113220434,6.8721202872173475,38.05510028444444,0.4240288612924017,0.905003451912591,1.0
6.311323443536162,2.1232061524991632,10.873660036666667,-0.8479520655644954,0.05572666939221378,0.0
9.213572679891655,5.337328986296546,24.100001940111113,-0.35474294979247967,0.7730128179231495,1.0
6.826851254173601,2.6623621909662547,13.798898341333334,-0.15627362306423676,0.46166081469241294,0.0
15.915346454803803,8.168883965616075,38.97383087111112,0.10130595267164155,1.0172415174845386,1.0
6.290351949240226,5.092218828919126,19.87298920888889,-0.04537756444922936,0.8905905321221423,1.0
16.17334573609816,8.864035529175812,42.195390616666664,0.572824917754363,1.2555710254772243,1.0
12.314472391293842,7.345793553557665,35.749822826666666,0.9989682991486659,1.340404107570668,1.0
9.06323115834613,2.9630784440272646,16.495154934444443,-0.603918761997627,0.3603286336875536,0.0
15.058945389242929,7.719877619878106,38.94227262222222,1.180040070311982,1.5324135032689978,1.0
6.656394773006502,6.781864081430037,35.09906320777778,4.443940598142246,1.9947875409163285,1.0
15.899068911574645,8.856547646768185,44.62442807666667,0.9825030863538884,1.5245242348236674,1.0
4.625465971459805,1.9746961695696938,11.694342554222223,2.1077308872682226,1.3466225277425778,0.0
2.0276354722323346,0.7454994978010142,4.290671873333334,-0.26163309390496714,0.5380829110952301,0.0
10.266712070327888,3.0475163686421345,19.100869614444445,0.23696766999487684,0.7148562262612931,0.0
16.19231355154993,8.717074769948114,41.016090182222214,0.10163329401209831,1.0766336568554107,1.0
19.332366031990784,8.038127218659422,43.238671668888884,0.10183369759928729,0.8692288567349721,1.0
3.6208061168728776,1.0428976532046024,7.003633252666667,0.00701761063078532,0.2768866015686323,0.0
15.934454174929774,8.322980398907816,39.40111465444445,0.40644699171142884,1.1504461500125365,1.0
9.263940401672953,2.633949633423566,16.087136435555554,-0.8883423610736414,0.14425758291660445,0.0
4.5195163885226,2.4703762411409182,14.392025559333332,3.214439092984129,1.7281666789328396,0.0
15.734044722892927,8.664513751204018,39.42551132777778,0.38312989684237797,1.1602603233104662,1.0
3.628824526261558,1.3335763684026678,9.58749773411111,1.9203930171626151,0.9856793047018299,0.0
5.914168705392593,5.25371471510336,21.657317486666663,0.4695476049191303,1.0889895944775936,1.0
18.24962410911404,8.2926097651464,41.43470475,0.3873642638467074,1.147434611966955,1.0
15.259496632832324,8.311980509935498,37.90149181333334,0.967114428793721,1.550284010081776,1.0
14.129182921587494,7.452692032891957,44.31491641111111,2.0574076941708572,1.705071603015633,1.0
8.274286314534343,4.746532639210589,25.57027520822222,0.9655416196097288,0.7423853255050646,0.0
5.178544296393396,4.674177196303532,16.01558199777778,-0.9392956038314266,0.6022540459468334,1.0
9.88620464428173,3.1863360270711034,24.00990908888889,3.0856006228960955,1.0303658934146345,0.0
4.650094731057354,2.3953844100722166,13.798898341333334,1.1064722352154734,1.1227147317316368,0.0
6.614156918976874,2.70332391090426,13.263117403333332,-0.7139178404448514,0.0946178694333007,0.0
3.701290510221997,1.2524612440171061,9.027814175888887,1.6755983790798035,0.8333909219689867,0.0
3.333863299460988,1.0423443624251008,6.32126594,0.07549869021460864,0.5488888799148318,0.0
8.656221035998387,5.281918192672417,24.100001940111113,-0.34171236805708194,0.7577691215466054,1.0
10.348002011261803,5.769443737111865,27.454352566666667,0.06779561862076955,0.7854014994107881,1.0
15.30470565397487,9.751323576571254,40.105042392222224,0.5559500946563589,1.4854256007625413,1.0
13.396212034065162,8.444981965610294,40.93117357111111,1.0651550525265567,1.1579178899241878,1.0
14.578599820111679,7.77891716197494,36.74723010333333,0.9029586788903878,1.4127421161989784,1.0
10.344549082687976,3.11792427635386,15.996146509999997,-1.3304257263964638,-0.11843794890410966,0.0
3.2195502703220455,1.1274097148528939,6.453778256444444,0.0866890809034273,0.590055815216817,0.0
4.474467137170754,1.3970131545773325,7.966462721999999,-0.6610059567530553,0.3234343080254502,0.0
10.424897074106573,3.253009653073688,15.751522224444443,-1.3344877941038364,-0.14100102875206738,0.0
8.998657013072053,3.1368080960123,16.94635139977778,-0.45994686747351965,0.2715379365244664,0.0
4.873429963182954,4.753035193748771,17.240481774444444,-0.14958421414118517,0.9769459177847404,1.0
10.098452710707342,5.576460796753006,25.637446884444444,-0.030632121097700082,0.9059188581514612,1.0
5.790962708609318,1.7313203284679066,11.915078284444444,-0.25269629541200045,0.38295925734772435,0.0
4.325749084438439,1.4191036110738464,7.6714241824444445,-0.8337638878412674,0.25665638614660075,0.0
12.122969468412222,5.643587320118894,29.625860153333335,0.12307939138112678,0.9069695113852818,1.0
14.436973651220583,7.7767527842286714,43.76756937222222,1.2594922643335194,1.331525644546903,1.0
16.509567920116723,6.843560237292719,37.32320852000001,0.12753359108315676,0.8048276527299966,1.0
8.35291700821401,4.5815885524906985,23.411776234555553,1.0430234610181062,0.8521325303370563,0.0
9.465599639604536,3.499479508043389,20.45234033888889,0.18619015571027075,0.8829942031360302,1.0
5.814490925164523,4.878079531135151,18.049503815555553,-0.6078560253371195,0.6872104445652591,1.0
19.819915501274384,8.905997906348098,45.812068574444446,0.8017311791219588,1.1484353683071367,1.0
15.408266738676332,9.663926266278049,40.06761912677777,0.6859110326444222,1.515839579478147,1.0
10.481708752544431,3.119564721893479,15.71238008222222,-1.3247522412280952,-0.1856220712812808,0.0
15.453216515500088,8.748964403305774,40.12621548222222,0.6373891652888988,1.308490506795446,1.0
3.8629526059917185,1.6346152222900021,10.113544071777778,1.866751958436764,1.313124779915351,0.0
7.846099852779323,4.621318577400027,19.28284310622222,-0.31747748257904584,0.6756645532163565,0.0
18.016373674288435,7.429751995389809,39.40898509555555,-0.014445619935164355,0.6426969182125407,1.0
10.492132117005664,5.9405113887892655,27.34423190111111,-0.18361441632381625,0.8140324236567954,1.0
17.296078022814584,10.81282399726368,45.726150411111114,0.6862984978156494,1.4327746973893247,1.0
4.005366591638632,1.8187118023420041,10.202296057333335,1.225270404724744,1.1152924064076728,0.0
5.084849871685045,1.7393442557209042,10.148290613333334,-0.6086832851006019,0.3883453122668186,0.0
2.9589540639848075,1.1182699646022203,6.120153935555556,-0.1973346509104501,0.5455195061032752,0.0
3.571152610787752,0.9410820498857374,5.982595448444445,-0.20189169841682952,0.21994170567940105,0.0
15.293837458632707,9.384609855998916,43.44750216111111,0.9354118812216567,1.4664569575714959,1.0
10.38105482549955,3.4280106283811445,16.606644494444446,-1.3446568722414507,-0.18757424319154362,0.0
9.204992561522495,4.266983711307303,21.722187654,0.18556526688674468,0.6564015317124371,0.0
7.53692346184642,3.313257111575805,16.27602039888889,-0.24035959856782263,0.48815720723546396,1.0
9.777347404473627,2.8426314539533983,18.813092422,-0.36338252181636044,0.15204263439880203,0.0
4.914492401706416,1.5077515031998237,8.187539589777778,-0.9109645750280921,-0.0739036484067049,0.0
15.065561477273947,8.745802975314858,41.705166427222224,0.8627768250521322,1.3160380558589366,1.0
4.728361790533447,1.816831906627428,11.058998619,0.24792024383556122,0.6485006963231538,0.0
14.244937704638069,10.760528207052298,45.61194696444445,1.0478718391193023,1.5667580312655212,1.0
8.978067025992631,3.521869063513194,19.518454201111112,0.3273153509576736,0.933528628341205,1.0
10.379000131635829,3.2474919161396474,15.750188198888887,-1.3216930970812704,-0.11657034065997889,0.0
9.52131549767452,2.6950616355270065,15.872459155555553,-0.6945776581016259,0.14944795370074496,0.0
17.05391244354344,7.643138994892388,43.53639703222222,1.1815029653167461,1.2082154279003012,1.0
16.195444280408072,8.498510316323598,38.770927708888884,0.6251263933897793,1.4146430629384705,1.0
15.959416207957942,8.506516501704635,44.16298853222222,1.1426267601687643,1.5051697891482922,1.0
5.266934861020264,1.9677189876525045,9.80984021111111,-0.6039724850311923,0.11753446104481957,0.0
5.696864790534264,4.717510343104645,17.921530625555555,-0.6626844420121305,0.6572806686847095,1.0
5.243036854567453,1.729932748997977,8.362693236,-0.9281218981640631,-0.23863454887966964,0.0
10.369590131782083,3.4868105768617026,16.754435067777777,-1.2461838785088026,-0.15376904100161468,0.0
8.8937253601731,4.511646500360432,22.074764572555555,0.11986092198037035,0.4985480921572677,0.0
5.753227067105056,4.667123272005949,17.921530625555555,-0.6360182781829256,0.6600390105181885,1.0
14.915873301378323,7.667123237475286,40.764740393333334,1.2659037807449645,1.5566529459155714,1.0
3.97729706423614,1.7586746200895176,10.403814889,1.9151673096312902,1.2852756480899632,0.0
15.951874568868021,8.008357841674059,44.43463972777778,1.8694362812179217,1.3778694747069549,1.0
8.033525584258122,2.65930707475727,16.066509708888887,0.3102578774957343,0.7056823669886989,1.0
2.3014953361808392,0.8699291515144385,4.113629483222223,-1.2031289728631516,0.028072223317902753,0.0
16.003201181645355,10.109061210480302,42.449333052222215,0.8972511686142446,1.5568417170982018,1.0
14.901720679253934,8.719520308783357,43.365829734444446,1.698791380406596,1.6671946864362963,1.0
9.239007616320604,3.5328689127872206,19.835964605555557,0.12812463474422175,0.8548142696467524,1.0
8.168988267824405,4.73596591901724,24.390190891666666,0.5919022218634482,0.6023305369898734,0.0
4.6613606193517425,1.3041392650408172,7.831941570444444,-0.614362949328001,0.09725746348068774,0.0
4.606961555996673,4.506924084538658,18.840294376666666,0.2653703781966943,1.0643812225787714,1.0
3.8078283723490487,1.0758176360488634,6.668724591555556,-0.27408405310421546,0.07563436490005127,0.0
10.285107798992293,3.0960093148957495,17.919809593333333,-0.8662956180571939,0.33768231574348995,0.0
5.100689099061341,4.515972728870531,16.83035661555556,-0.6871783300132481,0.6912853829497517,1.0
13.912411268183968,7.1607171653869734,44.31491641111111,2.545317624798723,1.800355630462242,1.0
8.616459510812838,5.066959841403328,24.483219197555556,0.7413027713588631,0.8731216917182737,0.0
10.484167483002501,3.5122188769792775,19.015344395555555,-0.7442707462635281,0.24831208861053353,0.0
14.946375224764743,8.819428074398237,43.44750216111111,1.42353397796888,1.5831316234717079,1.0
19.554161365127108,9.925244792455988,52.60972423444444,1.0795368066965905,1.2818845485007118,1.0
11.653149139704006,4.8724727198447555,31.549811474444443,1.678777801764678,1.107553253329723,1.0
12.893679447291047,6.324820813030088,33.75110838444444,0.9924231936560517,1.169990048414572,1.0
16.146228320965985,8.479647929995064,39.686329613333335,0.06452120479248347,1.0268682075316447,1.0
2.460587787123424,0.961571738410029,5.069621407111111,-0.4110208352564273,0.5520316170890003,0.0
10.23647967508843,3.0279283168046116,19.313551767777778,0.37574789309538437,0.7625543818924447,0.0
3.6060435666444004,0.9446969439049173,6.079794361444444,-0.3713453978561625,0.0936518065351431,0.0
14.40129957247729,8.117873337681665,37.31656746677778,0.8676381252400329,1.4029712088002855,1.0
7.2419410028922,2.6009608687802235,14.00450099,-0.048022704528411175,0.5018260044286766,0.0
11.607821905715536,5.2152567730126185,26.567533817777775,-0.26107287488168573,0.8171757322629016,1.0
4.348216854147665,1.6624242566338892,10.595507492444444,1.8401905401425056,1.276335446576371,0.0
14.521278509305223,10.151454999598657,44.46893533,0.9736370873261562,1.5638107961248726,1.0
8.656214253419165,4.70951121278373,24.483219197555556,0.6822215342038369,0.7334816723671927,0.0
7.702391516935517,4.7301092262363085,21.144061103333332,0.15960060260348907,0.8727511145479083,0.0
5.628990583032438,5.27832634392905,21.00049644011111,0.09800982803813074,0.9865922284874803,1.0
